global_sequence_index,hard_contract_vector,result_source_sha256,source_endpoint_verified
1,"[true,false]",0dcccaf5953d7ff547b9f604b89f812fba8b01794afb4bdcffaba38901c16017,True
2,"[true,true]",90485796b9a4e8b76b980f05454518a92cb8d189a63eb6ccfbf0827fa4007acf,True
3,"[true,true]",00f4f08b17f037c4a0b727ad72defa1f7f185c54091d677e2132816a4f8e1b0c,True
4,"[false,false]",42408afe56be00e0d95494a093608f848abfca7dc472c89c897808fad4df41b7,True
5,"[true,true]",952422d3782abc67c98e4f390e79198c61c0fbb09791a996b074652411181a42,True
6,"[true,false]",26582f0aab3946dce62171b5ca772bb79edc88510ca0db3c7a556c38b5ea0a71,True
7,"[true,true]",6b7f0543e3d09392cb4c66c039b39fbe8082a2b8666b34c2bf2bdf52031e92e9,True
8,"[true,false]",ab1ee30d03b48d9adc712328d8047474399513a0ff74efa3904f979529e9139c,True
9,"[false,false]",a8965fb032ddf50b1da16dfee31acaf8deba8c9f8e096e37fa88dd4a2cc95885,True
10,"[true,false]",4160ef6ee32e98988118ca553eee0ba0916f8dd02bb7f82f491feb965a66d8a4,True
11,"[true,true]",f0ecdb29e95c5936bc45c7fef5945be6f501e0e838c66755b28170093fa50d09,True
12,"[true,false]",09912afeaa1d312d8d6a338e30c7a3fd05be38d0a7aaaf169cb76ba1252156b8,True
13,"[true,true]",57d2b786f9fd0da128dfea10f05990d109624bcca1d4de73109d19dc8d0a1abe,True
14,"[true,false]",2afb1f3a3cc45d9d74b75d3b55cfeeba0c31c009507cdfde0033144afd56ac4c,True
15,"[true,true]",2aab20384a72d27a4d8b7f20f540481851fdb9d2ffe2453004b1cc603232a997,True
16,"[true,true]",f92d41d26e24e6f71d96732bf8c67bea4023f544aeec34c075ab36c469b3c359,True
17,"[true,true]",d5e39c6c630531d9341c845b71c12c0f0f2ebe785d4ec8208c064f1409c88578,True
18,"[true,false]",7441688af9d457280f1f92a19e7bc01b46d4b6770b8c84f3067390dcd6b6223b,True
19,"[true,false]",dcb85260b6207944a94639e16a24be8b6d3ab896bf76c6b3b619fac94a8d2fce,True
20,"[false,false]",13694bbeac331ea48b8eab92a74527367beb08bd8d0a2330ede094f8a3545520,True
21,"[true,false]",eeed154feee6ba52a1929d91664f24e0696a850dee0c75628ce102d8dc5eef56,True
22,"[false,false]",066da6b59829bad094961ffa8c9b5d1509f133c05658d5377e55b62ab2fe28fd,True
23,"[true,false]",d561d03faa02407fa0ad7cbdd11d454b659daaecf0c87a99ca4b1af7aa891768,True
24,"[true,false]",9f45f15c2cfdf882b76d98a6b780290277ec27d164d7789c101ef39260b2f053,True
25,"[false,false]",f27f27a006230bdb5e6238c46a2168e59e52dc6e537333b9fa5a6e90ac0156ef,True
26,"[true,false]",39bf1bca055d9fe63b677798082eb270bccbcf7ce699364fc6e520a0ed9ce96d,True
27,"[false,false]",7fdd70c9059a993de50d804e24a2ec29068ca55c22e9435927859df56582e6f2,True
28,"[true,false]",9f0505493cd46f9b4632a04481ab9f2b7bfdf8c3a552a8d6928e972797e60341,True
29,"[false,false]",3f8965d287167c15b0e9e91098065ccfc7305db135f109e4cabd9d55c8e62d1b,True
30,"[false,false]",350886bdaa454213d42f97769954fb3144a809c59c0738de113938753eacc83f,True
31,"[false,false]",10dc310a22a29dfff95e4528d8c97f4f8cc379f2f37711f4750142f712c2741b,True
32,"[true,false]",52b0cc91516adb8798f2adcbd1d62356762d2d24152feb2a8e9b275b80b69a42,True
33,"[false,false]",34c3b64df6fe475f60c2b4836b320383b995c2415c888fb44c4ec48e044c3371,True
34,"[false,false]",89d368926a870d4bfa2831837530257203a593d50735a8473b96ff4288baf710,True
35,"[false,false]",2b9c7990cd53f421f4a79b4fcbcd8590c07324b3125f9150112e50ff5ca24c17,True
36,"[false,false]",026adcc8c9ebb412e3a769ddfb6f984441e64c89ebfc5a151e72a369c50fad04,True
37,"[true,false]",21c939ddbb4c4c6a831d0ad9e5fe89058723cf6599df39dde6bb51ecfeb41c2b,True
38,"[true,false]",2a1aba2b5cf772719e75a80ce61b474f9d6207e7094781715fe75c06ef0abbc0,True
39,"[false,false]",657bf76631f14e11667e6355e893e164554ba5caf8a276a05cfb3228fa8720da,True
40,"[false,false]",e275dcb91a743d9f278d44d7284e3469e1e698825f893fb646ff0f888b012a89,True
41,"[true,false]",90883a920f5aeff0466a7f6c3d9aaeca3547351f49bdd5d5ff2899ab6e8e36da,True
42,"[true,false]",5779b2b6334ce94d4d54819f31f0a4f1518648fa199d746967592b73515c49c6,True
43,"[false,false]",440bc8c52322c02906adc49ab1693fefa509fe59ebe2328dfebcb3fc9ff89333,True
44,"[true,false]",18c6cff0ad873c867ab12584a5cb995c12e210aa44fabfaf6355cb4a93194881,True
45,"[false,false]",f8fe27f7603b673090019f7b7e720d7c1fd0eb2948bf3a886daf863eb51d4ed5,True
46,"[true,false]",826aca4e80bb5069e139abaa52ba62d60f6f70413d36f3d652699bc3be534599,True
47,"[true,false]",c8f49b8558ed48f176a97235994e4d645b6a4f58dd8b516ce04c14de1d90ead2,True
48,"[true,false]",c5b6b4940fa95a9094c578286fc5d24c1b81033bffd04817ac52673ca530baa9,True
49,"[true,false]",9498786947d9ed9f7fa60b993f3a761010ac2145a611fecbfae700ed37e99b48,True
50,"[true,false]",343b9a2defb399ab4ce1267a96e78404ed79f2a6f52d26d4342322b0449fd833,True
51,"[true,false]",17b96c654ccba492fd16e12562c57856425b73e7683311e24fb03b0beec00e9d,True
52,"[true,false]",7672fb8d6276477c7ce524e46b7e055dd2217856ce6821b5099773d19fdccbfd,True
53,"[true,false]",5dcf28da4f7d66e04f8e6bc8189a62ef1abd9d8a9e1541fabf1de1a7a43ad229,True
54,"[true,false]",160863edd3df70f474c9b817a83cc7e03e7dd107f20260330ffd6d9e4bd0560a,True
55,"[true,false]",20300c4d0a943f5c1adacf230d6afc3f73f75f328a00ad975091ca00fa316775,True
56,"[false,false]",6e80206c4f3de4d8f9312fa7d452a73f847277c9187877f0ec548be1be274d11,True
57,"[true,false]",ac72489c3c9cead7c9f6a00747f51d5ec2e8cf0bb7138fab0cec8c4bc66f0425,True
58,"[false,false]",e573c277cd33a7db49e9f623f2eeecadd29ee03db4cc4a9e20823f957f22b06b,True
59,"[true,false]",3f8b3d6c872fb8c9352734a1a4fde21527abe61599b4832c5fb32227a189c9cc,True
60,"[true,false]",b56bf9f746da9a607481fdf09b936d5214f48ab09597916c33bac02013c23297,True
61,"[true,false]",36ab2c9541e55f0ec9a540100e7721f4ff61d1e20e61e63686602d95d7ae7f3e,True
62,"[true,false]",cae922868766c86a4d3357b4b584268572a7d9a25f32000af993256667d92b20,True
63,"[true,false]",85cdc3e9121153e511875fbc9cdf99cdd1ee3d06f6485c2bd706343c86806934,True
64,"[true,false]",12467de6c5ed9363b9e9796ee91f1922c87816e1e1fb2442bff574390931d742,True
65,"[true,false]",a435e11110ff0bdcd529968cefd9160115740d06a4394e75477696d41911edec,True
66,"[true,true]",de2ee0ff6a1e6aa91ea57d415f2f517d73e7b1d051aa15b59438c18c11225730,True
67,"[false,false]",38042c9ea864195c5c5bb7bf84f4fa13ca8b6313f4e13cb76ccb4554047e300a,True
68,"[true,false]",c550d5b155e060e186f9d1d065353b9dd21bddbceeea32e2a3b8b2e25df8a839,True
69,"[true,false]",f4faa07e1ef4d087e76904aac57afd82c9fe9782f37dc7c13707d377eb1d79be,True
70,"[true,false]",e928f276e7e79c6f354fd49d710043630b024b10810dc366a7fa1d3835e3238d,True
71,"[true,false]",6b2005f9898d3a084df47d9a033a083461891e565fd85eaaef8b942e1dd4b11d,True
72,"[true,false]",9f4b6d4647ac58400a74c1352bbdd3989684a39498c41571dbd8d5c5b5a78563,True
73,"[true,false]",ce17e20c9f474d9f860358bf99897967649c83ecd724d20682760df462260414,True
74,"[true,true]",a2b4235acb879a45e47eb1b81056c16468a7744a78e38faa5c8a69b12392a4e4,True
75,"[true,true]",718aef28409ef2868491192591c87bc52417afb2c36638fac1817b2b1f348b9f,True
76,"[false,false]",b665468303c76b171c6531a1c2d67301005b17765988bfefdc84372ac21bc37f,True
77,"[true,true]",2a5ebf757702970e66ec522031c47f797947f3b4e3a68ff7835fd673d96c25a5,True
78,"[true,true]",811ce9f155d0bbdc952e310c866901136ead22e30590927edc9a96e354c3dc69,True
79,"[true,true]",2242aeb7fc20db468264adcf300a4469d700ac0780aacbc3adfaf41d139e3ac4,True
80,"[true,false]",71c6f2ee4fb871fb63c2d08c39f3c3a78e279d557d6676759b021d48787b3921,True
81,"[true,true]",a8936b32127f8c7898aa3f45b20925f20d70369f14a210b04758118f5c535993,True
82,"[true,false]",44c2880b844ed448cb839af63cd9ac311e084df9102c906defeec598eeea5676,True
83,"[true,true]",ebee25cea887337225d71f120fd0e8bb9627c4681ef21339a82d7d038eb121ef,True
84,"[true,true]",04e4f624028508c97379b4be64b9ea1768a12f63b2fb1074dbd9770a98f5babc,True
85,"[true,true]",061187268ee9a11cb6815d9c77a6ef79ef0356ac3c5c42bc2898ecd83afd9bf0,True
86,"[true,false]",2ab01832d34e71ab54f88a56d1cb87438d95c30f1c8034580bc62e89ef004f6b,True
87,"[true,true]",e8cc7ed4d907de90b2cbe24da46a7075db437951513dbbcdf57d7e378dda1675,True
88,"[true,true]",2f228c0c33475a5e188e0de71186a6380037b9ce4d4e5026803b8309e08f9315,True
89,"[true,true]",63cf3780b25bb12a15300b130730ed0d76dd828c0343e7303082c7d597fe3cc9,True
90,"[true,false]",4845433a400baf7c9cab5394656b8ae7214769950ea45800e412866c45cc98b1,True
91,"[true,false]",ccd203599814514227306ed6d2dcce5ed34b7e515824197eb06b9676a5f658f6,True
92,"[false,false]",e14b8e5c9a8e56d9db4f6f8afcec22f36fdc7969aa6f4cfcba79c4b8b2da9a87,True
93,"[false,false]",82c1ad4e225271c2a784792b954bb5e482b4bc78b81486ca1762366e57e199da,True
94,"[false,false]",96f64edbbc92bdc9b8bf3462f6830fcfb67cf35f89e026c5c6d34efba6f8d27a,True
95,"[false,false]",542848c1c360a6fce4e2431ad4d2e6c2f75a2dabf1bf3531c1d303419cb8c226,True
96,"[true,false]",31817df82ff2c66c3d037e67f7a37ea98f504c5c1dbce45ac7367a5db404a0f1,True
97,"[false,false]",1dd05461ba05afd514b8cd9da00e3a728b4a892506025a6950a586375c58a135,True
98,"[true,false]",3913aeb4bae2394058c45f515ca90aa473adb9c4f14076ced58052a2dba5a15d,True
99,"[false,false]",15f06c3d1d959f7bcc0d9bc534da199e82161fd4594a8373e9308a6c6e08a183,True
100,"[true,false]",01af534765a35b8f86154fa4e7c84bce077052d792d9d1ad08ff3db981ce6962,True
101,"[true,false]",d7e563847125ae1b6ec9f2c71fc5b4fa2b6f8d3f04c9888dfc5aa580f873b71b,True
102,"[false,false]",186e2957f293b20445e2e9737058f8d0585eb03a34fa5aa518bd4867e58f8d0a,True
103,"[false,false]",f6c7c3ff7b490dbbf5664a2df77be5d9ad5862ccffc19d048782917dfd604d32,True
104,"[true,false]",0ee16be12bbcb048c09a56781958c69aef90a0f6b94cce1c8321b5885779a1be,True
105,"[false,false]",33a15da7f4779d9cc7bbcd252c8b6cc6dbe9095fc8bfd9096849cedd11027f6f,True
106,"[false,false]",2483dd0b1ec03b9b83121962f8d2713fdc51c40022f6b89e9c06bc01d9cf52c0,True
107,"[true,false]",244c8c4faa7db15f62f4fd9c4f50d03105cc419479f2fd8e451f8c3c0c173a8b,True
108,"[true,false]",4024aa27277072aad7e964387a14e951a456eeff19f0077ba631964656f8706e,True
109,"[true,false]",8a17f8979492c8f2c86d46cd2414ae900edd942a22a2f3e9efa9687688aa4602,True
110,"[true,false]",8dd7c472506c58b4164e36222541b8e922b6fddcbe0fec25e98c57d8e7a3914b,True
111,"[false,false]",ff48d3d9d38263a77c78148f77e3f0a155ecbcd61665a225d4df4affb40ae583,True
112,"[true,false]",e2b99d01293b668cf4f4c21d1c5b56943f13caf663e2ea31931b32d21b9ded0a,True
113,"[true,false]",bb28ceaa8b9b7ab5d1f1bb3d064287b728e05dee01ad416bb824e6c9bc8ee1a5,True
114,"[true,false]",b37d847baf824e619dba382e23e0c1ab05f27bd9f2297455e1b09a073c371721,True
115,"[true,false]",6263b7ef0d89a14aa255c860ed0996ee0e522e5ba1db0044d1de7477e7845dc4,True
116,"[true,false]",4637d294f929e3c76fea15fb8b531e9a81204ff0d1cc8bfc2336c2a4d901d0bf,True
117,"[true,false]",646deff4d21c1a6b6ccff7302aa6332b1e66b4797c12ba71102ea21492127412,True
118,"[true,false]",ca5e3adff53bd94ee81d4c43e9f49ebb7864db33f2461ec44749c0630e5cca1a,True
119,"[true,false]",761092965b42fd52f3c79c3a8a9424416e319c925d78b40d83188f18bbd13a63,True
120,"[true,true]",f16d1277dafc9e02be668d5a6fcbd907d6bd5af7cb4754ac522f549524f967b1,True
121,"[true,false]",c7687e18a575ccbfa6aaa8945a038cb78cd992527182afabb9492fd0e9379382,True
122,"[true,false]",2d912f30802053725ec6efaa7815cad9093556a103705b700b418050b5e00a2a,True
123,"[true,false]",949cc91dce22f1ec59f6e9fd97f27ef6a5c6a3073a09f7ccf878d97d3800124d,True
124,"[true,false]",d77ab1775c895d138017f760661a742e98df5ec8f900ad5c154f027000e9d715,True
125,"[true,false]",6d3629cbb24120a111d31c9e943933684d0187203800fda17c0b4bfdf33889a5,True
126,"[true,false]",fb278eb2132a3afe0d5c62f8b6ad1413e16f46358ee416ee2a47c45ffe1de70f,True
127,"[true,true]",8b7f387ba6f84550ca1e2537da8eaaa5e470b338f41b315789025b50301e5153,True
128,"[true,true]",67e458e22bc4d66d1bd9e6071394d5752ff93d45c8c2ffba13aabe54d5250f51,True
129,"[true,true]",d969d25481b1f32abb91f2af8f204d1f3bbf981d8f462b7d0c763e3137af349d,True
130,"[true,true]",cddff5483781b7610f7a089d4135c4f27f3d7a0baafafa4c192b944784d85d81,True
131,"[true,true]",e7601debd3edc34cf97695295be741529ed3bbf6143c1f2dde6dfd03fc3be917,True
132,"[true,true]",ebded428118b98bc694359cb830f9a09db00b3b2b12a7202c56db4d2bc3c319b,True
133,"[true,true]",a092e3d2d00c2065be827b218e666462e3c74134cd1fda006ec47237604066c3,True
134,"[true,true]",55d0bb38c2f52e410d29d3029f1517179061158ec58352478c43339489b1c087,True
135,"[true,true]",959f1bbca73445bac7495279f5818ce4dfa00645b6a59df87b3546d32377a96d,True
136,"[true,true]",e3360dd40715e007e00988878717675a97f62b6fc3dc077a9d48bfc09a6c931a,True
137,"[true,true]",63d4353ca5f4cf63343309e5cc44afc201fb872114a98d05d3b987405098f5bc,True
138,"[true,true]",c6e6d537ebf40211c9c8a20b9668a0b8e6a6e7638ab80d27ca619a8ab0f04357,True
139,"[false,false]",e0efffcc3a7fe71df71b161bc0104aa2b9f81883d50f7a06cabc42883abdd59e,True
140,"[true,true]",1f3d61a54883bb4301dce8bad432893a070c31fc85350d12f28baa8560ecae44,True
141,"[true,true]",8eca2b3e1fd62e82c62c30a2a0b495cd2be6b645538ee538ab6891e9c0b82b93,True
142,"[true,true]",67aff0a72e98fe02a69494bf23bf74ef2b1ae867ad68f909255713da9f29fdc5,True
143,"[true,true]",daa3fdbedb47828f6e13c377b1ab37d8947ad0fbb664ef12d7271b5c7ecc5b9a,True
144,"[true,true]",d614cf406f88038d3e35978d852e33fb88fa4d6961b5fb8888d721362249afcc,True
145,"[true,false]",72df6371ee2055871a791a5a36ba1167abc7ea5820ed0885fa36804abe867902,True
146,"[true,true]",cf846564ae90701f9dd9f1528056ff6102099e58756bc5daad46d63f9b581b59,True
147,"[true,true]",da6d340149a37b5045d5c550ea760aac6b888ed2d526a508dadcbd8cfc99c770,True
148,"[true,true]",f439f859b498e1f5e76a135531d8615d73c79e20fb3f9c0118cbc99b8768741a,True
149,"[true,true]",123c9b89172b401f43053bf245a2d524ad0331a111dd655f9ca0c39b93f89652,True
150,"[true,true]",df7d9fbf6cc51bc1946e52b505b2bceb8fd58fb2ecfb3d0df232a787c6b91302,True
151,"[true,true]",8a623b1262bc4268cb34801feda39a3db1f93c144fb90acdcdb7ca066d5d1555,True
152,"[true,true]",ea5ac7d0a1eeab3d2322695d55c03a99287ba0cf690edb88335f60de84b608e3,True
153,"[true,true]",8b314f0d9fa759bbef0f7b403831046e78814af9cf60e0ba146d001e8f74eeee,True
154,"[true,true]",55ddb25ebdb7104128f39f9f8e4a23421dea9609f5a5ed722833924407795ae4,True
155,"[false,false]",046760c5b2f88071c0ae085951164799192afa34e4922fba325642ebd03830c9,True
156,"[true,true]",abc36ee0b17a9c88b10828442f1963ab23a9d5dd6035c971bd2a619a20b18603,True
157,"[false,false]",3b7b15a5e8221a399ccdb0f2ed8c6ef62ee092bc2a0bb4baf244b988547ca390,True
158,"[true,false]",21aae3eccfbe249ebd64eb4647953e971c5d0b219c34861d13c95369a20d40b7,True
159,"[true,true]",3d79d15d1004f3e646876d781a2affe7b037cee147581923395423e31fabb373,True
160,"[true,true]",86f3c97392bcc7b1ff355e83fe2c1ee349b252904fac9751fde0e3f87fa0624f,True
161,"[true,true]",b3a812c43a78a56341e36a4210ecc05d253fd3e35b73981588f3cf47b7e99796,True
162,"[true,true]",e545ce4c10784053406a4d06ca8276310f520ce1d8d815f86378522bbd1dd9b1,True
163,"[true,false]",5457980bed8b92b7e08868db91c585d136acf3250ba6022400f2fe784fa70b3e,True
164,"[true,true]",21271500d7dbbdac30e0ae47c911bebe4fed72b5a7481d6d587a66809cac9a75,True
165,"[true,true]",6a2d6a0c1a343ab90d9d944479d3f2d6168dbd45375ea25791274690ca5e88c3,True
166,"[true,true]",d066392fde801dc0e2dd1aa203cfdc94f00ea086fdce4ac4c5533c03c345f861,True
167,"[true,true]",41af2627c0cf6a5905d22b2f7066772549594b8c5fc5cf38a0f4444ec10ec341,True
168,"[true,false]",2930830fd657de3ec93cc6ded8e47dd049654447d54f478adb94551d6b6aeaeb,True
169,"[true,true]",d4a7c26c8a5bed96c2409a49e6bdd79296369f0c6ebdfa9aecccea91b5ae6bf3,True
170,"[true,false]",60c588ecd41a484bf3ce069c7deb1a2240f021362e55b0c97de28f36dd3a7b5c,True
171,"[false,false]",21efc6573d71d0c341a3e131e5d4dc958d5ac028e77dd2d180556211aca64521,True
172,"[true,false]",2e6757cabadbb277c776197b88ec1b7bfb299affce53ee54a384d012d7df64ae,True
173,"[true,true]",a83510c0f3fa96d50508025547218478e13ab05481c46063a044994a17cb9dbf,True
174,"[true,true]",3bcb4cd6b7ffab4c6b0ffbfbf1abbf9038f2eb06e44a2bfd0cf4db1b17055e77,True
175,"[false,false]",1075d0519267d9ebab7db39505913ee30c93c479f235f6f0c965f2945c8a6001,True
176,"[true,false]",7065f96df88708be1bf60fff3ae8b8cef4bfe6cb9fef85e8f5b1f3d023886f68,True
177,"[true,true]",3a1ecf4282464909d8e99764a7ba14f7e71a661129993288828784ba471f1110,True
178,"[true,true]",aa3f7578e5de2672d8765f52e147d8f4440d5e3a96da9c11e768ffeae8f420b0,True
179,"[false,false]",d312c57ab4dc72535fb88a0b24b8a059c2c3e23f7410d6b6ee75caa0dfe67c03,True
180,"[true,false]",8d82472d5ce5ce79aed9af0438d848b6060993629ea048fef929bae53fd0d3a7,True
181,"[true,false]",2f533cef7d49a7620efc2fadbe3c1201bb8abd0ce03963e72bd6bacd27a79b06,True
182,"[true,false]",039ec7fb7ba41123e407f24ea251f1a54dc66ea4ad3ec1bc759b67bb062a8520,True
183,"[false,false]",9eb2ffc7a32d16ca60df08ad260acf9fbf5feccd3f3bc59b5196497f1ab1d0d7,True
184,"[true,false]",72f657ae2e528f3223c94f79093dd03ba4a90416a749ab16ac7384aaec808702,True
185,"[false,false]",a2d76fdd39af6bebf9d55c255a2421c892db9b4bb376f63ae3233124cf8aaa4a,True
186,"[true,false]",4e714eef9bfbe8feea616d55b2de05ff444c71a0cfb700d1f6f5b29a8e958d27,True
187,"[true,false]",013d26fbfc1157794e5a27b1e74278721e8a62c09977a6bb3a4c24d5facd7142,True
188,"[true,false]",d4faa5cdb9e69d20ed260a7b3b75416e3b35638db70d7b62fdd411ce48462715,True
189,"[false,false]",8cd6ca4acf74433927bb0a204c1fdc63c33f68a782c4875d9316c5139dc00404,True
190,"[true,false]",a16106ac50331d60fc61f498908e98bf4b2d15f0a42a5860a4206921629c01d7,True
191,"[true,false]",f171eb24983aa18d41c531d715dc59fb5d1eb5326687a80f9449150bfd4c62d9,True
192,"[true,false]",1f1c8073189d7a279afdf31069dcab12cf1defb021a9b84c9137dfa22f277e2f,True
193,"[true,false]",6e1337d967b6cdcdc04f911e5db33f8ef9e9970055d66552380ed2e616874c0c,True
194,"[true,false]",29d081ffce23a70f35483a0a3ef127e1c3e6dbd8ed035389dffc0124c66d45da,True
195,"[true,true]",6e4c02081ae044e02d500ae154748ae1f1e3972e5eaacfe62895f6644587da0e,True
196,"[true,false]",db10f8b27efedbf336429f0d7c431546cff2e910b3a3db731deaad37b8a05536,True
197,"[true,true]",aa0f8df6faaf4f75cc8f6cde4fd01e553a181dd8203f32d7f0e8cf68b0aeacd8,True
198,"[false,false]",7e88321db3e36fc0afb012172bf491a5ee63b56dc4b5ee2314196e37b1f5a5d7,True
199,"[true,false]",ba3d7d7cbc3ef37793a129acb2d690d6c11f398b9a6b68cec6244d14e2f59e5a,True
200,"[false,false]",7e0d5367dc8d8919df494e6c32406bee903bc3252374526200c93313aef97af8,True
201,"[true,true]",e5405e5d274861b10e95222ddb835fd315a8456f63f5bf09a8929bc29bb9ec36,True
202,"[false,false]",9698837e9542d2d85d4af9dec4a384e776c99262700bca27a354072d8c9cf649,True
203,"[true,false]",9064585bc74ae560e842d8972115465de867a6b43ec17f99490096b7fab9b36c,True
204,"[true,false]",00dc5d77ab25faf3ec8ce75ab048fe8ef5d5f8b48a1b6866055a749c32e9f93a,True
205,"[true,false]",dccd7ef40b9285aa64ffec1978759c33d224add6431025a43ecdef87ade43d41,True
206,"[true,false]",41210ab0592ae9d204f2c2345e91da23823cbad47cab53f71d02979d2e26cb1b,True
207,"[true,false]",bc9b48bc2cb31645d45d88cfbe5f45a53772f4c5ec7cb1c48911959132bf466a,True
208,"[true,false]",31d741bb4ca4f0500108e729ac7bb9626a6ec0b75e8c1b487789cbaaea731469,True
209,"[true,false]",0c98f332c6e48d262ffd4d82fa4ef3ce9a350de9d437f75ca8114dc3a109624d,True
210,"[true,false]",122f486123b7bc917dfd4c8002f283e6ce974d4145c26ee4773ab5a3af36e605,True
211,"[true,false]",f95bb3c8c0df598ff8f48f00b1bc707d33fd0cfa7fb299a1d7aeabfe8be05321,True
212,"[true,false]",a9650323260c40b09a180a6bbf9456d3c658004dccad1beea6be656bad416ee7,True
213,"[true,false]",d34964a6dbf2a6167fb581ef0d4d7eb0b772b8bb750012fb3e0da1a0c8d23e01,True
214,"[true,true]",b4d47fa21496e994ec3ceefe6d615707abf00a466f8d553c522285f5efa257b1,True
215,"[true,false]",482b842ed4041d4f9221d720f8da6709315c78e3c34b98c5e2b4291d22ac9b7b,True
216,"[true,false]",17f98f30a9bee31fd87f113126c32547f053404dde09fa54ba9dde81e8c923fb,True
217,"[false,false]",136e1620f134da901117ad6fd2697efbcaa828007cb63c0a072d5e1600272a15,True
218,"[true,true]",bb7cbdd2bab08773e3873ab7a74cf7b7291ed7d049f727c5b435ea7f3c70f9ed,True
219,"[true,true]",2100adb001cbdb9c743f63b52553c3361df6d397d4536cc67eb1029f59beaa19,True
220,"[false,false]",83058fbe614a070336d1a6c431c0adefbed4d1ec8bcdb32db0cb28e47175614c,True
221,"[true,true]",1a3cdff6bba3fdc064b549cef1018ab804a0b4d93d971d3ca35506d9f4863f3e,True
222,"[true,false]",fe6d7e46da9822a34b6102a2d99485095828658bc8ef8147c85d06f6e5ca0783,True
223,"[true,true]",32ed860f4a5c6fd977756b9c7e6cc91353fa6807f852a833090c3a6fec7590ac,True
224,"[true,false]",047739f2c798bdf6901978e788c8bfe5c48ab3baee3a5a2e70ef9ba2b4d8f89b,True
225,"[true,true]",3882c353284ac1d7972e53b24497443abd1d45a0b3c9e9a8e2241d3250ec5335,True
226,"[true,false]",3af94bfa8a36c8734738b18bc859e7c0955e257f11f38af62def5f08cf36b84c,True
227,"[true,true]",65c69cad4d2d7591292d0336484824be93c3a173a4e46f0907faebcdc7058828,True
228,"[false,false]",a2340130eae22f669cb72795e7ccfc88f56d74863bfeff0d4121bf50d4eb80d0,True
229,"[true,true]",be6f725f3cb243095ee4339a8be8c84ffddf90509f4aff5159fabe6e079ef2d6,True
230,"[true,false]",d6687350fbf92bd79672f2c8d90032e259965c8388b355ca66c41d139b5295e5,True
231,"[true,true]",f6133cda86ae07f9d131887ff61286dccda4f5bab0c4b37d799b808226836ab6,True
232,"[false,false]",23b11aa46131fa72104faaf46788f72055aa1ac07b251b81e445c2ed4fdf3ee2,True
233,"[true,true]",4a79b03e49400d624896f83e32dcd24c34b2ae97d7f481522665bf01a2650d93,True
234,"[true,false]",c4f7bfc0727acddfc4101f1979e4b928f8890bf5697c5c606a58608e9553ac4b,True
235,"[true,false]",baff527330c1b5656ffeb1b312f197de980bd1f598f100683d256fde07241841,True
236,"[true,false]",f2816e5f64530512a8819bc811ffd37ace55b94dc55f1a3c000761d2a6552e5d,True
237,"[true,false]",971b9dedc3f6d9907e6a57de7d3db1d5c513ba98f3d41c7ad3a00e9cea499569,True
238,"[true,false]",00da893f49809f7634bf126dfb3d864f2bc7f8769199d3e71c651353ce9950a2,True
239,"[true,false]",32257e2e35aabb78ae5162143f1262a4a1828c04f9119ce59668dffc8b876117,True
240,"[true,false]",8fc2d8ce9f3a5c214f65a4e8fcd8b218b6274de5c33f4af88bd7cca993975194,True
241,"[true,false]",e5fc48b15b1bf913c4d46939343e550e8cf43a9238973f027d2a8e33f822fccc,True
242,"[true,false]",e4c4332d70152a5e360a1b30d9bc5744871c1f395042533f10a943f9f20a0b44,True
243,"[false,false]",857bd6959bac6101614d6d0eec028f308a6283ee3a5531f3de21665f841f4852,True
244,"[true,false]",2555f6b42919952872cad4373bc3c3d97034af472f734b0414646dc2af50ae04,True
245,"[true,false]",3ec625769054ea535c77c2b9b285bc4cff6cef104c95427e6ba704fe0b62c850,True
246,"[false,false]",0d8ceeee6867667c8eccba65ad7232bfada37ef174aec4a32ac13ebc6e68e213,True
247,"[true,false]",2cd4246d5b09e8d8421ab4962f8da2f22ab1ae74ec68bbc8f407887dc6ab6a6e,True
248,"[true,false]",c07f82eddd64133587dfd4be4f5608ad860383e50081c48ba134681eb1cab4fd,True
249,"[true,false]",dd6c394ca8b6810045c54f2cdd31a11078b2e9c0ce520288e5fe546d71246e02,True
250,"[true,false]",5b7986a50c1085cab261d7080de7d525638d445f6fc16a1d3cccfb7a0ee0c312,True
251,"[true,false]",fab36e030144d4aeffef70929b374b2c699c8bfe79e28d4bdfa3e556f636e5d9,True
252,"[true,false]",f73f19f3b2dccea35fce10dce74a707007bb66537722e6cad7f27e50a8d7c176,True
253,"[true,false]",1845f851b1afae479043563ee07bd17070ddcc1b167d39804c355102f3f04819,True
254,"[true,true]",812a2cd44c85eff4be4529f87cfa1c50d7b524cc1e63c40daf2eecb1d45a47a6,True
255,"[true,true]",80989df3a1e7684bf7b14312ce26e1bfd7393ee7b291a38d045f3e0dfe84a1de,True
256,"[true,true]",479fd7df7613b1ab3480b935944accc8aa0ebd5573dbbe083946b519eb0716de,True
257,"[true,true]",9f80be8d397a8e63fd54eb4dfff1e13696214461d8f22fae66e668e2a9daadaf,True
258,"[true,false]",69671b744ed23da847d70d7f51e380c1cf2cd490fe56ef36c3f938e9b360abd0,True
259,"[true,true]",3c22b4f8c3172a074d022f623426a87304bce4a0c0229e372750c5afc964768b,True
260,"[true,false]",4df9fe5a7ee950e342f9e174937679259b17cab711b329b687a845a9579d76eb,True
261,"[true,true]",a7aaa9e1b3d18aaf2e9ea959268f37cdd72643b50698079213722334f86a4a0d,True
262,"[true,false]",d675a1f71cfb782be0ed9663d119a126a287a219c5220a2a01f121e5b958ddff,True
263,"[true,true]",ac71c391c9d23484042eed43c9507fda284cc6ba397be6a1f022e7ada81690f0,True
264,"[false,false]",704572b64e7d5b8ba2c481c2612c407f65dd384a8cf80ec3cee9e305d08e1e11,True
265,"[true,true]",04d5ade2397c0e0d1f7875a81c79c9f60d58d476dcaaa84b5e41dfc60439df6b,True
266,"[true,true]",287a8a32a77c7f5fd0e200eb06c78b793a327fee8ec317520fe0bdb18bd70be9,True
267,"[true,true]",fb874220478de6bb0847e1491f9e179b9286d8939dfb207dfc0e8d1489110dc5,True
268,"[true,true]",3d4c34391ad391ae140a3af32f3a13ef1dbf7fd3e43ec4e4eee35908d1911ee8,True
269,"[true,true]",76983034a458235beb7bc2b2a8a6597646577845c8e206847cbd63634286b9ed,True
270,"[true,false]",325b7e97f009dddfa633533472cbd63daa58e20d127ded6a25bb4e998f85822b,True
271,"[true,false]",d710c8a420cff0cdb655396e8e27d3991b5a482f6cbcb339147b1f8c997baf3d,True
272,"[true,false]",edd4bc813f7ca5666cc93e74b59069d18cf35c1cfb58979ab55714b030509407,True
273,"[true,false]",4d0f247c00af55939a6ac3af77e876b0f2904ae41e566024bc8f844b2682e065,True
274,"[true,false]",c4010cf7c07e9c899b889167de2c04a0b497db9044fc3956e6f1180d667acd85,True
275,"[true,false]",d50036b38dfeb3a4a31bbd607a816cbe5903eb10958e2f2fd65fd987b729a286,True
276,"[true,false]",db8d2e1474ac9d9c1c28f376feeffed6c2d263c8249a9286c3952e2e9c1e108a,True
277,"[true,false]",976255b3eb76cc0364ef87f21be520d6d40a2f45685e26821a3e8d5bd810fda3,True
278,"[true,false]",2cdf556955ccb6b14e1c085160658eb7d880f082a94d7e972cbd75db1bcb8c8a,True
279,"[true,false]",f142ae001d8f25026e9eca02e784f9d0341c67725209ae1b240f2805167603f5,True
280,"[true,false]",dcba8815639688109cc028dac408a6f8d81b58af8f85d2689a8cc8eb1779aad1,True
281,"[true,false]",0b2f97dd33bb73e8420046b522232b83621b6d4a48d5a38b5d606e5f3bb1579c,True
282,"[false,false]",0f153ba5806cbb495e63948e70740b1009257c5558ab15da8fc9e956aa1cfc65,True
283,"[true,false]",de4f44be07a3764aa960af043bb33a5daf8cc570d13a4c8578e39ca81a00af68,True
284,"[true,false]",169feefecb1b58e2e889b00b04dd538513d50a45f50bebbb09af6cfa0e630054,True
285,"[true,false]",69cc6bbc95c632becc8d78f4c4ed9afaf64d5e0dbca0f047257625cc4b613af2,True
286,"[true,false]",ba22a6ffd69d4b5b8b1406fcb54012393a5e9a8cd9115f786e166dab1a56cc0a,True
287,"[false,false]",a0da04f730d27cc2c3580f6adb57364cdafcde2d5fcd3e6f3f029a2c420f734e,True
288,"[true,false]",d85649acb44077f63c626de988e7dd8d920122f36297e707dc171e658e32e226,True
289,"[true,false]",6bf6220249e2f4b3eddce87b8a14b40899415772afd0407f7195fc679b6044b9,True
290,"[true,false]",cfb9a4aea2cdf9e390f6989a71b4f5ff55913da8cddee5fc194ed70165084fed,True
291,"[true,false]",738cdc08d032982c6c69724157d38b1b57e80b77389fd37339262c4b450bfa34,True
292,"[false,false]",6ae593c8642f8fe97c11a9991b724ba0dd976bc409c90af41e7da5ae20789c75,True
293,"[true,false]",76e6d4e046c0e3ba61f9e1a2179a02a2e1bf6fff39f36b3dc7cdad8b7448c06a,True
294,"[true,false]",5d09c7baf2c98c9e569557a7f74ff68f4ee1efcee6e596d9acb213fe1259c7f8,True
295,"[true,false]",b5eec4f0083dba6a45b0daa0954e7e329d6a290d9666cf09fa830cc40d74b9a9,True
296,"[true,false]",1cb9e76b2cd05679a8491575f1a724396da473bb7d93d23c273297319f1f5daa,True
297,"[false,false]",3d9dcc4b87b2c4a78229534f62263a2ca61ee2f887bdc49c46a22044f22239c7,True
298,"[true,false]",e8c2ffc03d1fa742ee610fa0e954f0dee1ed621ea912a72ca7b34420940eebc8,True
299,"[false,false]",118f5aa7138387c3b191e9ac02599199806a24fb45ed25c3e28d2fe1db91d039,True
300,"[true,false]",372698b9255d23573216d72d5b0c5f68753a9d0f86c92e001c41ff43af6bb860,True
301,"[false,false]",7d202a8e7e037e9578d15ff52b8e5542ad2fccd6eec6b3704d8f68c763461aa3,True
302,"[true,false]",23c9a85c94b1e13210bf73a2d8c61dbdacccf5b38715a286fe40e4b75cfb7b24,True
303,"[true,false]",23da8666f9a813c61ac3b001976e575119a433af7ad8321b7f1092640263ff7c,True
304,"[true,false]",f6f0bf78a930928ee9c5432e1f9f5272455ab272ca2ab5813470cbce4ab108d8,True
305,"[false,false]",c6453ad80b7371aa3f809fa27bdb2268ac32df3d2f7b59941dd00412a2c8b7ec,True
306,"[true,false]",a4e9fec3693a157b6dde9701c941e0b8cf4c2c2dba95d1f4ffac156ad1c6fc73,True
307,"[true,false]",824642778d6d67defbeee252342f669d8bcce9c3e3761d3de2486d6280a557d6,True
308,"[false,false]",fd106973a3affa6ca2f0e1ec94c7eedc2dc130dc432e4e0594d014654ae927a6,True
309,"[true,true]",91c3ca2f844f24566dc5dabb480ed760208c032e72efcdd150f4e98a167a89ba,True
310,"[true,false]",86bafb6a7455432dfa4ff93bb80a702a9bfc9174a350ce3b41256463c7097ff1,True
311,"[true,false]",e1f7f6346b71873dc7d310d6280f150cd8e99394946c48f46e40fb79a188fc63,True
312,"[true,false]",9a8c286f0dd83748b708ef15b6cffa93dfb2d5b4bc224629add480bf9092f0fc,True
313,"[true,false]",e97f2a2cbc2cd83f58db62a56e06a51ec91db76e2039cbe341b7e3d611949947,True
314,"[true,false]",26e70d5e334a3d0fc8979adeae17722eced32626b0f58e287016bb025abbf995,True
315,"[true,true]",fcc3fb3699bb43f8dd51617c578bd7dd7141fbd3b380bb95319c985cd430335f,True
316,"[true,false]",dc09d7509cada4e0fb4a6bfd9529378877043314496f91a501a10d3322769502,True
317,"[true,false]",9b62ac15d2885ba08bbb0e1726b8711489652190a9f333dcafce1e20987ce2d0,True
318,"[false,false]",1383f513cac9d96899fdf0b93ba72890c63f7da1c560bbe77fc8e816d1f7e5e0,True
319,"[true,false]",1228309eb2386a1d431274d32367667af9bb85287ce2efa0935c4fb22dc2641f,True
320,"[true,false]",739b64ef2d71a25d71b3729170332792b2f5549bad0f6f9f76fb3a5ed6038089,True
321,"[false,false]",3028937466650d1310d93e57693693a1ae92b2b6c35de0081af302c9f13a1372,True
322,"[true,false]",14777fe4b6118f1bb13dc5767744d04c030c6a6432b150011175b44e2223d1e8,True
323,"[true,true]",479add699c72a22730b1ca9d3e3f8a22f16d457c529c1c7b318bb3e0394c1892,True
324,"[true,false]",ecf508b7b693922e0603e283772d4b8fb2db0d1590bc08ea0fbf520dcaf41cae,True
325,"[true,false]",fd2d7d06c637e2e3051d43b6a1188fa40ae32a2be70fe612f0c921537939cb62,True
326,"[true,false]",e71abaa2603d00efe1b6f4bb174a619ef4966360c29729a1b92c2a5c62c77619,True
327,"[true,false]",fab9afa6c9f4cab23a2e67a95ef1de8b914f244efd49b123ef64038a2f08983b,True
328,"[true,false]",0cfa2bca9ca815a1b63c7c77a99ff37b5d2be8bb250d70b1bcb83fc859444795,True
329,"[true,false]",395116259beb5e28cee9f0dfc536d25a1c1c09334e01f4a24c39db85f6c05339,True
330,"[true,false]",fd3303f7dae9571fb485c9fbdd57448bbbd92db2d7f892eac07954eee19b5e06,True
331,"[true,false]",528920713018605cf854fffb25f24cb9b1678d150468f7851719a92211197ce4,True
332,"[true,false]",855231ec0fb0b74d930ba1b8e33141fb744e0ff6fcc06c9000d9458961ea764a,True
333,"[true,false]",52cd1e48ae2b5fc9347b93ecc82717c1ee7e1b7ef5df23c3f7f1186faa5528a7,True
334,"[true,false]",f6f3c33f46584acb7926103110a4943a3606874eb8ccbccd2eee6d1851d91b0d,True
335,"[true,false]",56a5e21226bbad7b3372da6ae6cd9600e1f2315a0c4c6d5edeb5157b7505f74c,True
336,"[false,false]",d1204bb3e7913042e2158d7b93eceaf3ead3ab95976135e8e0e3d56bca61e06a,True
337,"[true,false]",cbc3b4bf0bf05f410c9a44d45bdb9a345c14e6612c3611f29d386a6b5c2be8ae,True
338,"[true,false]",6240b6ed9a58e70f436ef3b5b161f5ef4a0baf09a06f1898e4623ed230b197fd,True
339,"[true,false]",7653faa07e3f3363ab6ec16cfa8d46356a187c41500623078454baf5272819c4,True
340,"[true,false]",a29ae257699ce4291e55c9755ebe3dc1133acf619d5f45f89e59459b6f580dbd,True
341,"[false,false]",d5c90f4db45f1944ac6dab05301636daadc282e9787fd16011d2a162d6732117,True
342,"[true,false]",522db3dd4ee2fa7ea73694b3cb82b16580d29d13605c7321b6f526f66f1d2774,True
343,"[true,false]",e96e0f9e4890f632fe3acacd735e660378eab7d672225421eb6f46c6078bd2f4,True
344,"[true,false]",76975f71272420394e1149066b224289d89d4735a580014a135ecfc84f75763c,True
345,"[true,true]",1c110962b9f8ca3f1e66de472f4e326f834f52670bc3bb71a08fea11955ad8bb,True
346,"[true,true]",39a322fd88a1f4588c73fd98097374734d48981dfde161f84a5480535d7e59e1,True
347,"[true,true]",288e2b7dbc4c9f6136ce1b57ee1c6847a541fe7ddd76c6fddb2595bfa035fbd1,True
348,"[true,false]",ae978e3b346544159ed0b30ca7bd16c6db34df379d6fcaa2c17eb23b6c99f80a,True
349,"[true,true]",01ad43f3d2de0888e7a5c5608433df363326e29ea8989e02999ceafa33a196a6,True
350,"[true,false]",2faa38f25452cadf2e0b6deae5cf4684c64d5cb5253c52fb6862d70512d012b7,True
351,"[true,false]",2e561cf198fa38a0249b0bd6956a63d4a15d42869944d37953b2cd4b08e1f735,True
352,"[true,false]",680de7dbacbee038f72b9b5df2aa836054842d28fb473d84e2568593f6089671,True
353,"[true,false]",5f26b9c8a7be00577fb83b41174eba77cfda00a1f587b6a01ab2753313765abb,True
354,"[true,true]",30c9652fec6b2220e7d4c50eba32e1f815ae08e12d69c08fe5654ebf4a25935e,True
355,"[true,true]",bbf09daae46bb5029a9073cf33c81c9488c19d1d9f55de40727d52d092f63a59,True
356,"[true,false]",8ddbec8779686f16655939ec9474e95179925b55cbe8c9a0337dec9f7cc5d142,True
357,"[true,false]",3bf4b9468029ac2ac924624b9cfef2b539a7bcc144885c528baad7f1271f99ce,True
358,"[true,false]",854d705a49a8b90dd7a61a9d932b14075f59241e9625a9537d5c77518dccbcc4,True
359,"[false,false]",e03a04cfe1823402bfa05b122c2a73278c7bba59fbeff657add53a8365e7301f,True
360,"[true,false]",150d906a37998bf31aef1d818bf2db5ca4eff74b840a47b5e3d4994a806153cc,True
361,"[true,false]",df7e9ed83ba06978a6cc394d90a29321fce8059fa3fdca087def1478a797bd31,True
362,"[true,false]",80208a29f1a42763c48849cfe3619b5742469620e9779c098aa970783dfee34c,True
363,"[true,false]",05e0421d61ce57a2f343e74180ce780addf14e84d8c1842ac034dc1acbd24b0c,True
364,"[true,false]",346001b1f15868572de493c370d8c84e029d0d859cc80bb5265be9ea0e9cbbfa,True
365,"[true,false]",89c15757a2baa3505107bc20caa49005aec9831e5e77955ad2a97be288b11dde,True
366,"[true,false]",4358ea01f40b4baf278b9c3a3e628d2b48601e94be30afb78f240e5c99ae402e,True
367,"[true,false]",3b638980269e1f0031cf70a3f8b4c41d30117af776ede528ddcc688b1526949f,True
368,"[true,false]",7d476c0b3b774f8d982afc2368936a91085bf77a3155456a008ef94ba23b64c1,True
369,"[false,false]",f9c9cbc5f594ac1ac96c37bce0f43c29dab9098cd772b2ddb70cd4b2ee417296,True
370,"[true,false]",ea0dbe422d83b7a2dc133b70832bb17e6662edf86762d0952ada6b062b40a1e9,True
371,"[true,false]",e4c4cdd9bb5cad938b3c891a7dd102c0f00ed0358bf265599a1b3382ac868c17,True
372,"[false,false]",01d4052e81a06325f67752ecce9fda20c63212254cb8a150adc717daf0d3f644,True
373,"[false,false]",0880b046a6cd37dc97248e80c166892d241aba809fe7c06ac9c6f958733c24bb,True
374,"[true,false]",e529f5b386cdc634226de988afe14184066a49de1b83bf2e1e8676327bcddab5,True
375,"[true,false]",bfcb76233de6b7864988fb18044ca50aacf0760fe85a5910a4df1ab5e965bc49,True
376,"[true,false]",6c227a4bfc1639b8e318417a4359af74243266d6efec52919b8a2f1103d37036,True
377,"[true,false]",45690c0a72bb1fca368170d88136afc837fa50ce2e2311d65eab2fe078db5904,True
378,"[true,false]",18f41384563ffb5a09049f17df5b1ceb482a52b3734872053181764cdecefbd5,True
379,"[true,false]",6779551ec57bcb998ff9e8400b2bc4c68d42918411c85809bf2e893fa42e206c,True
380,"[false,false]",9a5e1d675a85901b2e89ca3e7cdc5352ef65dbe9de62dc2b8a287b630679d496,True
381,"[true,false]",b3990c3b4bacc0b35632f62b0fd9e7d7ca117df8464aeb694af975d27af80ea9,True
382,"[true,false]",89dbdb127f39a247e4220f57c8ceb6390b6cea837562c6150df24b44fb4d3945,True
383,"[false,false]",d82af11c35b8f667fdbc1a80dfcfe50ff914f27051eb97122467e526d480f064,True
384,"[true,false]",1db92e020a8273b327ebf3c760ae3d1edb63004dcdbf81507adcaf525374f773,True
385,"[true,false]",148f1b416697e7898393caac045be16541b6f99a9d057496393045ff539d3470,True
386,"[true,false]",92faa3751b6161e75ed9df3d5fb2955616e4c12b7f5fddb87219ccc36c400e80,True
387,"[true,false]",12d64ec3ae28320adac077c7039c568e283c4f14b4078a42623e82f2d4b7323f,True
388,"[true,false]",2dd481497f8add773db47100d0bb8c8548fd6e6fe9ca6e96b956be0753175750,True
389,"[true,false]",0441b904ce42e92512ee4c7e804bbffc5b1894d2379734afeb0c6e14cac06654,True
390,"[true,false]",19e87dfb3f88fb7301769d20d70fd5b71ad011f3ae8bdfa3892affd4c1d27a3e,True
391,"[false,false]",76cd67715ec3fbdc136f4c3eea3fa1cdcdcd4575f078ec72b3359a5cc74ea1d8,True
392,"[true,false]",7a43218cc70ac9f9f17b82fb40b340ca742bf8803ee3501caf306d8ea28e6017,True
393,"[true,false]",194610445582647ead374fed2f4135277c6f09ebaa186c29285b7d694ea75283,True
394,"[true,false]",2de19e680da5fa2e98e52245b939c973e12b592d701142d256b922100b6b152a,True
395,"[false,false]",fdc6d75b406de92b3cc66d4250246fff596fcc1e87239036fa778b5274523931,True
396,"[true,false]",5a88f930b92dbbea1fd8d3120bc99b80bdbc590fd7cec13b030d8d658df41e4c,True
397,"[true,false]",850431fe8e2e4524dccdf24635eb5f023fecf8a774588671b0e099513c27c432,True
398,"[true,false]",cc6957c2b83fc55aab3915afabc0629b88b86b9a0d485e2174f23c0d332a0d45,True
399,"[false,false]",84b65cbfe1ce13cdf5c33782e2358d753aa5d505870ad8eab096ccdc55a61e64,True
400,"[true,false]",51e8cca6b2d0d716b4c34d00a3a888a271a893a3d0e843f24fd6d97c04690da8,True
401,"[true,false]",3afc8988955f669eecb435eae4bb4e3b4cef9b9a457be1191a5e6601dd404131,True
402,"[false,false]",d2f285a8671ff7abebbee191febe5ccd596da23f1d8aabba9d285441c9e25504,True
403,"[true,false]",92191450b6074d8c00c27213af3cbba0b845fd8fff0cf335b71cd8ebaad5e5b1,True
404,"[true,false]",9820abdd55efa785032bbc2bef449650dde62048d6aaff61359adf0f28f3081e,True
405,"[false,false]",f2ea474cf884c7a9701116048488755b3601d171c02eee29afebe2ae85ea8af4,True
406,"[true,false]",7d7138d6ddc5f97e1f5c0f02e70789a59c667e9233817e098a271fcac4be1458,True
407,"[false,false]",acc006a5d043fbefc225c0f79ea2e4fb4042d2be5382f09d25e7bd85942d015a,True
408,"[true,false]",e3566bdaeb9758e79f4d2d8efd5c98d9c9de7dbfa94c5f476622f1731567e12f,True
409,"[true,false]",b9331e234a4590cd102addf473f32467d7a81d18bd5bcb00531867ef18c4df7e,True
410,"[true,false]",cf41a2f0a391eb0e826f67dcf9ccdf6edec0578b2760635b3e013838ff90082c,True
411,"[false,false]",1cf89344711a1371217a8735a88827b4e029f08a8b8961a36c96a429a91f5cfc,True
412,"[true,false]",287d5791a7968d46ed36aa4c7c80c514c02ef4c6697bf2ff9f3de1ec355ff0e7,True
413,"[true,false]",26389c7e53fd8ded9a2ff150fd939f3d98ee938e679704192543afa94ff16f21,True
414,"[true,false]",abbee6ab336cf595915486568d4898d0965fdb2998acf371ef09b5a806a24748,True
415,"[true,false]",910049131a71367a5e77f2155bf6a6201c203df63c174c42c75e89c6d118dd43,True
416,"[true,false]",f0192d9b074b92cc94676321a2a956bf1078f41f0e386b928b0a66baa08ac89a,True
417,"[true,false]",8c71709aa556ba6cf250f82c8d51eb1db56d17d5f638fb5440f6fbd768142173,True
418,"[true,true]",8da923c5295eecd2279ff37e5a1a27606ee96e9cd7daa6ef3e5902541171f098,True
419,"[true,false]",411afa414e7eb5138b4909218598ea2c41c3cb38e30acd219d24cd1479134d49,True
420,"[true,false]",a8907c076300fc05edd9891282e31d82a98f879b51e23ce3129e352288e80b11,True
421,"[true,false]",9703349ec008ceb572f3c1d9755ed3d6e5952e82ed82ccec629b280d91122f9d,True
422,"[true,false]",65e1c898cd433f777650a4a5593282296c39faaa285533530f046f949ee81ab6,True
423,"[true,false]",62069751f6f4ca0e392810d70a44a2142ab3a00ce5a7205622d97c1c9a5d369c,True
424,"[true,false]",479ad12ad0a2717f5a06d769015a9662924680427ab0198f99d791e81f58fc16,True
425,"[true,false]",567c5fd6009a69fde8483aea8198d9cfb503b76b4d271a45158ef14b44b79a0f,True
426,"[true,true]",807bd9eb70abb9e68887081704b9e1e0aa61d1f75fa8328a3588014df5c043c1,True
427,"[false,false]",f5d8b63a06f502f91fb5834805eca908d248d82b699ad601cbd47d2409c754aa,True
428,"[true,false]",95085030ceeece9d11d22119da0d7e3597906ce77fb7fbafed1af4a59768bd41,True
429,"[true,false]",87c10672fe5fd146ba69f82ce5ec5f94dcd461840d42e06b507425f7def2c1e7,True
430,"[true,false]",c2363306898c5e475728d6ec20370e66f7c6a8c26dcf0aa3d9b206a1f8f27045,True
431,"[true,false]",6634ab26db6266ac79e905f605a4c781b05bfa81c8ce99e8c999f003bd53eb80,True
432,"[true,false]",b2794338443910db3cf9112aa695c0b5be1ae24cb6613a024e38fefce3dd9d27,True
433,"[true,true]",f45e73ac81efc652fce7b53d85f34cdcfe8cd91371b908681f93d729ec9dc5f6,True
434,"[true,true]",f33a0477bdac0521fe19cc3b118bd16f714eff9f97d66b5c1d2115939debc5a1,True
435,"[true,true]",7f494200b9e7fe4575a1195294a6c16cc14697db4f8bfff59af91e8516439efb,True
436,"[true,true]",f6e29357932f6f5a3b7bbd25c3ced149a87a8e30c06fc79ac71f34e12790363a,True
437,"[true,true]",22563ae5b2eca56f4e5a76f29e9aa0c20077ce1485dfbd6631fe7390f0397f79,True
438,"[true,true]",9a8bdb55cdf825ac3f7b4db06a3a4ca88a7c152f4273f657c760c6f40c6352ab,True
439,"[false,false]",677111d2efda26806cc86629051352ed72283b9c695935d1f3c038c9c2687c44,True
440,"[false,false]",87cfc951866b011f193f9aed481625c8901bfa3a91753489d68ef703793ee792,True
441,"[true,true]",b9807e4ef782e70c46d4c15c089c87cecb6ac9897eba052dd0483cf4843a95d0,True
442,"[true,true]",628d138d41b4234db478a99d91ad71ef530427512bb7fa250ae9ae8685fb3ebf,True
443,"[true,true]",9cac7ba47198cb002e21e6bcc826627535f5f80b179e00e0b1309e14709290d7,True
444,"[true,true]",f292775ab79429a969f105108bf4f0f9134497e8da594441c6f579ad335c55d8,True
445,"[true,true]",54c09e458356b9a754039ecdbf2febb484059cfe7afd048ae42475e0cec4d96c,True
446,"[true,false]",59cc447dbd60002541768d2e63c31bd025118086b16b797fce63314a649961e6,True
447,"[true,false]",70d09f022ead8c1564ab59fa3418ea7400349c9f8a84ed46ef23d595707199e1,True
448,"[true,true]",178ad8247a92642e13802e98f83930d4febc57af32b243f071623ed810738a43,True
449,"[true,true]",fb695fe0c77abacc8fb51d95b1108e868c5a21f45efe253621012628b19995e9,True
450,"[true,false]",49167621834064a115f88674bb0b94126b08f6dd1167885f3e2485f758184bfd,True
451,"[true,false]",3dfbfbadae9b3a63b597d78d618a23ffd7ad485cf0fce23ad22f55de6437bf02,True
452,"[true,true]",85e50e391ac5f52ed5857be58f94855448452312c136b5fab7bf571d2f4a265f,True
453,"[true,false]",e91b15df4a027d32a164090e3a3f3a4a7dd15875504c48462ed179980755fe3b,True
454,"[true,false]",fb2a42417783221510fbce3d7d344f78aafdfb86d8580fccbc14a8aae4c49647,True
455,"[true,false]",c27319998d82fbdab31b114849aed2be74af056d6262e9c1e8c430023432d7d7,True
456,"[true,true]",dc45211e58e8a25028d821a0c172b16eccce1c19a08d4b0f716c3a57f97fbcbb,True
457,"[false,false]",b00ef2929670ecbed572fcef80a4ac443d4593c7da7b3b8658afda14ab8bd6b4,True
458,"[true,true]",f887bc8602b5198b0a97a4541973d8745daad3c42b9062566ebab85e49231a50,True
459,"[false,false]",f0c8d98901e3521a567bbc63fff34bff692eff4c46695b250ffea35d2f4ff51a,True
460,"[true,true]",c18372cabf67a87ca24e86646a2b97e1865fe61476bbe1124925717f5ffd1513,True
461,"[true,true]",c65b05dfd9cf844cd173e0d58f068eb512bc57451e88f1e959e7c4e758d6ddd2,True
462,"[true,true]",a90584b9b03fc3f5b329a6e279d435f899e8723c293e8979f01b483a00093875,True
463,"[false,false]",b6771a78dd5056aa267746c30b1f068c8d4e602f6046838832a8ec7892ecea6b,True
464,"[true,true]",4c2e089e6c808e969464dc6b65bb991e56d246ae595d745d0a4268f673570490,True
465,"[true,true]",5526a9d4741f8f633574dd782813903676fa827add89d4d623fa285906998ad7,True
466,"[true,true]",4d8fe14ad7ae1519d749bb13b58e7ff6d7217fdd63d5b8a4fa43692d3f8d64b4,True
467,"[false,false]",15f08d41475ff21ef665880429e8beea19ad1beb313e12e77a0c7de7612b7481,True
468,"[true,true]",fca596f459d5e0b16873e44a469c8289cdb8ba542faed5fa6ecdc7e9b460f5b2,True
469,"[true,true]",d33e248502b0dc3a43677cfd138081b9274da5baffbb74392c42793419c21793,True
470,"[true,false]",b7e275fb5ff1ed6aef7abd0d652795e8ba400b194a6c3e492ede938183d299c7,True
471,"[false,false]",59cf67e09662bd52dc22649cdda1696b704c03dfddd0501233ad725c45597b1e,True
472,"[true,false]",2d1ef6ffc9393029d56e30ff2208fcbed80c6184ed429d280a67918cfb7c3b43,True
473,"[true,false]",0a9d6ff7b56bb0cbcb960e20e9e9fc90245e422df4eb9f9867695279ec537029,True
474,"[false,false]",705c2f3f543bc2da9fd4429c24c346f526716a03bb466e37f7d051bd3b65506a,True
475,"[true,true]",650d87f2573cc5f26fa72552871d5e9f23bce81f818eabc37f7aee0796430851,True
476,"[true,true]",f0a56facc925518ffc3c5c15582c2b4565a2bc1ff18bd140eefb7682de1953c2,True
477,"[true,true]",941e019197b6f5980115eb2c36c55db33ade9e7cae1485fd93c88307d3b52d89,True
478,"[true,true]",710d90dc9b71e69ee86a45d181c7dc8cef053976c889bd002d190c8e7b7b4105,True
479,"[true,true]",e4dddf37cb75c9b62c15cc0a599c1f949d5c1ec5a87147501930b65207432289,True
480,"[true,false]",09139a1552484c36c6bbc568fdc176013706b83d00312f7a1829e9146451a476,True
481,"[true,false]",e66ec774f92a9744dcc6657b14b387a8c41c82165a142fb7d580236cc75348be,True
482,"[true,false]",7edc28386a105cd8850b3324f3809f8433ef941feb9d9a225ad4a33499fe22b7,True
483,"[true,false]",37be77ff71e2dc71804ef240ef48676fd4054bfe2c57579ad9c916a70b0a0fdf,True
484,"[true,false]",77292d43a119a62685b2a958426f920ffe87942285b12ec491cdd93530e7f394,True
485,"[true,true]",f4a09e7d72ffd09f5d54acf3700ab4e93aadb219bd6ec43faf7b6ed081b03c6c,True
486,"[true,false]",5aae6dce4c47a9b252c4bf19df02626eabb30c35ce311093df7efbc9cc78d78c,True
487,"[true,false]",1abc9107bfd5c0a47a8021cf4a127adf16fde2f10c1dc8af3b744736bf4fbcc0,True
488,"[true,false]",edfa1a38895dc9dbd62271d6da7f43c04f1a36101875fc12bf921a52656de3ea,True
489,"[true,true]",8250ba2a918cf50e1b5d95ea926692a547a69673ca35308f3d880caa284ae022,True
490,"[true,false]",cce6750f4bef4e4fe167005a41a4562e67cf9994020e23a98d8843580851b378,True
491,"[true,false]",6e6f3b6cb6ccd700dca77d4182807d2a5587724c770bec4ffc74a4ee1e9b1fd3,True
492,"[true,true]",866cb00d05c0f4bdcd8bfad649cc22828c751652fea4af065d9099dbdfe52594,True
493,"[true,false]",0f16b655697cd38d6dd054f5f3eedf8a9532969aac9b738390f53cd9501d1a6a,True
494,"[false,false]",68196a9bc5c9960c24daaffc935ce528850449551e1e2d26068bab0a88bcd0ad,True
495,"[true,true]",3646e99cce2586e64ea0d34150978148335633b8451aacc6ed6ccef1ef87d0f0,True
496,"[true,false]",f692765500c79ada91161251d63487b2f889e806a1c89f902f4618ef160842fa,True
497,"[true,true]",213bd1cd3f77da3b111699a9a4672041bfd3ce0268ea9fa564a4892defb6b39b,True
498,"[true,false]",257827a08f6372fe1ee68f3fcd69a875281e15121e35d6d63c71328bd0025841,True
499,"[false,false]",345e6f596a04b9e102eb624a82ba324aa752117f3e98e629b8ce242c205c5c10,True
500,"[true,true]",69741571268e284859b1b3f9d5658b02b81aa18b0a67051768c97e4f54458c26,True
501,"[true,true]",ce032cffca3c7d26baccdac5fb18019f603c1ce63c89e6996804149b544369be,True
502,"[false,false]",c2dad1c82a4448dde82d030af38ee1aeeb125bdf7e8fb897c4457f0f5fade785,True
503,"[false,false]",9f9f2d72a5a62fae26e7206aa5f60308dd7301fe144771a65d4a3c139d2be1da,True
504,"[true,false]",8e1428eb914ebaae7be58b0ebbb0db89f4213c0675dd0ac088bc281e27c77089,True
505,"[true,false]",8676f8b853f6c56ade1ef61d8de55c1bbdddb044d113dc3fc2bb047203b0ed5c,True
506,"[true,false]",f382050d3ff41736fc75fe1d3b52bcbf7a3076d9245008702f990bd9a77ff0b4,True
507,"[true,false]",e1574a40895a41c9cb23e48a1b249a67706ff2cf54c661a9d262af057690118e,True
508,"[true,false]",6968cb310662f64af2a40450cddec38e889ae34cd63ba93d423cc9b74ffc2fcb,True
509,"[true,false]",1f0127b2daca287dfd01e952c992f83ed52b4ee2caf5ff5988093d1e78a523e5,True
510,"[true,false]",9f9b2d30d5ba63cba1fcafd0afa3d6339e313a4d7c14c61c6c76343af9ccde50,True
511,"[true,false]",d056a239bc97d66431f263d74cd56e357da98f02fe43a62fdeac18d0a4f413c1,True
512,"[true,false]",97594cb045ee5057f1f0dac54f1cc32231b4c270a9e4d2bebdf30c70b8fbd543,True
513,"[true,false]",1250e98b4bfda92d5cf4bb4398af5c4f90ff6d0c33bdc8e2508cf9a99db1d380,True
514,"[false,false]",dfbadbbf66a35ca43f56820a1c65fc0c8f5649ce72795a0d268fe6baad8c4783,True
515,"[true,false]",f5616b1056108e19a976d3d071bd3e17d6a4e0c28e605c4f3524db82451d37ce,True
516,"[true,false]",7b22ee972e881df263e9a784eb90dcb5c447420a451bf4a889732ed877375259,True
517,"[true,false]",344c35bdde70014e39404921812c24c880fa765a2bab8927f3ebd11aa8ec8dd5,True
518,"[true,false]",0a480fec2d06f2519d1133277c3b7f4f66f3397d857ccd13578d7efaea098ec6,True
519,"[true,false]",38283f5a254b586ec0cda2c9d0a9f3a927a0a97600d7d83a73c8b77e9848a4c1,True
520,"[true,false]",805281f0001e6c20c5fb727fff56378b49a9f045fb6e3b6d4000e9197b6c9a04,True
521,"[true,false]",21fe909ef4cb22e50c0fcf0b632ddb62c2bf5797cb48e185d4c9e7a25bbb23a3,True
522,"[true,false]",4ac349d664943663465a117aca5f1bdf1e2a570f291263c156f8cf70a0065077,True
523,"[true,false]",e70b5261e4c2cf0b461f2512647a010a6fc15e9ca0eb6bb9e1d307d2a53e6c7a,True
524,"[true,false]",9f5244bbe4eeeed18d0caa68f0accba7ffdcffa2e6a1cc5be9f2542444fc2917,True
525,"[true,false]",99b0ea59de6df9c88f1de0d869da10034fb1d5ad52616d0b33e1f9c0f2c07a1e,True
526,"[true,false]",ed9ec42362e04c235050224e3d2182de1b2e849e53fc8fb02c144c0fb0a195cd,True
527,"[true,false]",65f897f877d20940f910426ad47d7b27bc458ddcfb34bd9ed055a9fd2d166e6d,True
528,"[true,false]",84432fc88b4c455a0c0e37f894ea3c24076cb70f254ea2379aca834e7b785f8f,True
529,"[true,false]",6630a09394c06cd13118ae6bcc53133650535386a66735b86b42bbaeb71071cd,True
530,"[true,false]",6a39f94ca42dcbfe3429d56f64465a243703a90b58b8781866239c142217dd9b,True
531,"[true,false]",48b2e0c1692c2fc047e507d2566d1a7237984011fedccd768d34757c853f9716,True
532,"[true,false]",c740d4e5b91ab3d8df1b821bc646223af83398612e2aca06cee366ee6f85aaef,True
533,"[true,false]",78e4d1257edf5dda417d1022b3d7a2118c6fcc8c2c7e9fff769dcba11d3d623f,True
534,"[true,false]",1e47492166959570bf80614ebd3cf7fa1fe117e4cd33e9e3a94820b79db84c84,True
535,"[true,false]",6a800e3d71d8d58fa28e2a8568a501d3c325ce1a50f47ff33db42b10d7a6a25b,True
536,"[true,false]",1795d69eb5dd30d41cf2a551a7ffccfb0de28dba56716dec062a9ed1779286c6,True
537,"[true,false]",60781e0d42e4e9e4614ba342e51a9e0ea7b69cf860a32e82be772624a35007e2,True
538,"[true,false]",9792ca7a8b3eb4de10e6358eb64507b658931f7ee934c9b561e9db38139b6d8e,True
539,"[true,false]",7b03119bef9a4e735189aef8700a352dc3ac6ad31ccee12073c38b3a66c2b0a0,True
540,"[true,false]",330873b17dc6d4eb326584539546b604c738aa398e649aff747fe4322b0c4611,True
541,"[false,false]",175bc2fa71e6e1748052f4d571a01b4177a87a0d8551013f1967c8a75381194c,True
542,"[true,true]",8c8ad910ece76afc7d25655316a1dd7b41ac2dc154d6a0989609ff20fc80e832,True
543,"[true,true]",758f33886d564690efb790134cebaac94c4cc480e0bc2e1b8f57f93d428dfdc8,True
544,"[true,false]",0363798fb92737b53339c0c570259a44e4269fa904451450e5f6dd9ea87e356c,True
545,"[true,false]",e23f25f47868da2f19834cac47076affb0922bfea9d47276694bf3fedb38b0f5,True
546,"[false,false]",462bddb0acfde6305c20bd34f614e0f3240179eb47208831b6ea3428884437d4,True
547,"[true,false]",8f1f2de0f3302f28ab142f493f1846f27a65cdb2a8b7672ecd38bb81b7e7bf76,True
548,"[true,false]",45df8c9a12737fd372db3101a5ea420c3093d92d25365aa9d27876b53da2cd63,True
549,"[true,false]",d3a93ce395515a456f315048f3d95899f69bb230dbac1d1cd078d451adc2ec1c,True
550,"[false,false]",f0255775656d5a72249e6a2645633ab7ab945813c47ca0a4df40064b0b79f039,True
551,"[false,false]",4f548e8ef61685bf9c89a34345e9c83716c3b4cccdb32f61341960dc345b5026,True
552,"[false,false]",2b2e924dd496c405950751481f5e03831e281539ee7b47cea43c3ba1380814ed,True
553,"[false,false]",50735f1626d82fe96693206ad04095909162d7704a14888e6ea66a0b8499b376,True
554,"[true,false]",d7d17d61c9ddcaed850d224f32fe79966691a502c5c582a406de0eaca426f0d2,True
555,"[true,false]",6aed086fa7d1dd652858ff5221cdcc6c77eeac93132cf2dec556d58755e480e5,True
556,"[true,false]",65d4b11d7053e50c293ec1ee8f81fe44e17c88de8c3f31aa5f523f61f018d729,True
557,"[false,false]",ed8c3bfd6a33a7e81416bef33746bf36edaa5daf4bf6b9998db0b54258bfed11,True
558,"[true,false]",afd8fb9f47f2fff5a240b95df785f34e2c5fb0d5b66a0031b370b1dec0423b6e,True
559,"[true,false]",60ffba2f960ef1db4f71729430b5e2052ee79de257138789354ace273b6f2719,True
560,"[true,false]",bf2e65b7c69008eeb10e106bcd290a6867f727954ab672dc374f7f7af2a7a6b0,True
561,"[true,false]",e3cb004d6eb68005e8416e5c610c2394a858a7f4922c095afd4267ee91868a78,True
562,"[true,false]",00e0b6094a5f03478e265167cfedf96d5746ea232b00ca756785f40af77993ac,True
563,"[true,false]",cb2891a855b9f63929536555195cda34e94df659ffdf3b541acea56162079132,True
564,"[true,false]",f48a27000fa4607f941070612759cdd6860ea9eca3c384d033f0d5ab50c69025,True
565,"[false,false]",fa7517ade5db2f9fa22ed7aa7c1b263434f952b6a88ec3681b5e7c169bf7b995,True
566,"[false,false]",b1e05e06f124a75ca67c7f291e6a803ef4c5b22d2024d8c1d759a55e60e4850d,True
567,"[true,false]",3291957b10e2a6289d0307f6b37dffabb0b26059dc0d79936e2fc98f555368d8,True
568,"[true,false]",b825959fa32e876a15816f1a3e72d963b6a787032c309779cd863e6bf42b6b45,True
569,"[true,true]",d4becf209678400598874ab38ece10c8bb633180c988c266c67f2de7aed287c2,True
570,"[true,false]",02f591474ee02b2eca1b328aff66b2d77bb2fd248d98a95dde1f941a581e6a4c,True
571,"[true,true]",004d5505ed4693957baab8cb1850e13c746483025f0470faac499502c1cc65b3,True
572,"[true,false]",70a637bd9106482d8aad5107ce341661a5656f02323640a0d7da3618d16c3d51,True
573,"[false,false]",bcf15b434cd40042a330f60fb5314ce6a9e97134be306ff10e23edaf9ccf2415,True
574,"[false,false]",0aba4dc4e845554196e53a16d0d799ec6cc327fc620c3454621d8cb4e98c29af,True
575,"[true,false]",cd53f2b9ade5670e8653c07274c00aea0cb0ed5d4d4d79746e67e3b475d94a4e,True
576,"[false,false]",c0b39c89bfd131005b5952aedf8fc84f965d33ffa475466b37a63f478f2360ef,True
577,"[false,false]",a5056cb76d4f5b6894aac7847b9f20e2c897e6eb9986ca66b6a354256fb54b90,True
578,"[true,true]",663e3876d6354d5e3a0f7025d4e0f76d3ed537011be79b64b3fbe75b35c2abe5,True
579,"[true,true]",b0ebfd333b51548405dd68dbdfdff375871dcd7780a00b1e85ca7576872bf1e0,True
580,"[true,true]",0c3ccae803356e6759e6cddcc638e9177b19548525b20328114e085331783f05,True
581,"[true,true]",412fc6afc6ed1c40a1192e51eb99ac6b85be96527eef3e5cd8cddf8fc37cb9ad,True
582,"[true,true]",cedd2bb77d21374ad9e83bd9ae7c7b1a07fbe41b1b92214ba4952c0604dcb9cf,True
583,"[true,true]",6837aa9f4e16fa1b77106a762fc4f1fa46b72166afc59dde32aa7ea844ef4758,True
584,"[true,true]",02c6b2ee3d482a34ebc9bbffb221fa59e54eab8b079c94e29fed29014470bb9e,True
585,"[false,false]",1b373959cd76dbbda5fe81dea39fde83c2a82cd9bd3c0cccb3fd6dfc8729cb3a,True
586,"[true,true]",ead539b5f577828da5cedd8d48e860b6e918c31b297cc868a3343968e3b2b771,True
587,"[true,true]",6f4383a6220a37ec706e84772888820cf440b22e05e73ae58e6d63c58f9722b5,True
588,"[true,true]",ceeaa020d58992ecb39d9ddb8dcc9ed242dede0556251f1f03be4193f0747faa,True
589,"[true,true]",2b3dc2697a35e691b530bfd78b860d7b6822f94b50a47c0e2b8968ef450b092b,True
590,"[true,true]",f7edca7b0215a4466d37f82d66d1655a66ae0069be9d959d04b43520de4f9e75,True
591,"[true,true]",9404bc7430583629cc178553574003ca10efe76fb4494a4454edaaf66ac4330e,True
592,"[true,true]",d123afdec67618faac81ea338d51582a8d1f09858880f6458c523619e2a095cb,True
593,"[true,true]",8613b864ff0901234a4006fc6f235d55ddb5ae48a742ee7621fbae2b54a5c7c2,True
594,"[false,false]",c050d6f737b07c6118315c3555ffd465a541ff61898a6b9239706161b81ee3c2,True
595,"[true,true]",4932d48caac829801ca209db4e37fe0d6a9d497e39247a22fc271c8b65cd1aaf,True
596,"[false,false]",a5b01137713aa2edaca4ecf919c1eb554f739a1bc3222318ef0049a43a46c443,True
597,"[false,false]",a0454ecc1b428c1e93ebd3025e36c3ebd050c9b939561a34b2d96397ca7afde4,True
598,"[true,true]",671255f3f8dd6f0d26c99ac875704a9f49754343560b6f38a264655478a72f7e,True
599,"[true,true]",d679be918b0fa99a70088412c670660f0be9ee829941ad77fa346a8ef754e192,True
600,"[true,true]",95101600d34872bb132a28b102954b1eed03d3189a2ccb65de638b0daf10b41b,True
601,"[true,true]",eca1041c25da1d0fa5bc4b78ebf2e1a21b8a3fc9419f09feb636e9c9486e8b70,True
602,"[true,true]",e3b07ceaca4f4da42fe0105ed31dbce8713664f7831ba26d66bfba447443ee60,True
603,"[true,true]",0ee3c46f086dac003906ad7aea33277d86b3e007913729be3cf04d1fa2705d6e,True
604,"[true,true]",d83165cdaaac17e568ea247d462a91dffd7afc5ddb009ecd52eb75faf043ccba,True
605,"[false,false]",e9a18e464e007bbf7cab95f0949134c92c8fa7970dac5e30817906038bb9c3c9,True
606,"[true,true]",67cd6ac7b0d8620d13b706033b1eac01c312c7ea9377491a2acf30b5b02211d6,True
607,"[true,true]",c180deb36082fc4c7da25dd9bf6c821a6d696e3da935f8be7f2d0154a8576295,True
608,"[true,true]",e1f79f592842878ac42012bc688076beb2af11793db3a39377424ec5895b0755,True
609,"[true,true]",41ec8550e2f6432ad3ce0ea6c28f91ec22f424a06f020dee8025e8519d0f5482,True
610,"[true,true]",555262be4b1faacec19cb9916ef032b523ac595f0ae8e3b210811d89c090a75f,True
611,"[true,false]",18969258d867ddfc2800515dd0e8d5f0b4134c565b8a51369fc046814d6d0cf9,True
612,"[true,true]",4afa3a80a19745c78a3e77af7ad4b4a2cfe3d0a1486f4e4825ca95bc8716ee79,True
613,"[true,false]",bb64528e14650d372944ee28347a339454f36b12933be7d814ef4dcd1ded7087,True
614,"[true,false]",8c542a9ed3c0de5c6bce4165df7c37c3e72015696291a1ab3463f1e83f0d0775,True
615,"[true,false]",d55e2788fb459eb644de77d277788234fca596a90293a88834421a904ddb56cf,True
616,"[false,false]",dee5962d94a9d30408ab3d6f0567c2571e283a0906d3ef91947717cb879f25ab,True
617,"[true,false]",74bbd4f9d42b0d1efa4e13935531937a457c2260e27c21476a60ede6abbe1afa,True
618,"[true,true]",5d10ac537b9efcc9418458615206fb85656520c5ec6e4fa9723fe62f27c9a88b,True
619,"[false,false]",0a0d6f0bbb03941f911b802196a2b36d58c4ba83618554dab706c0478ade16f4,True
620,"[false,false]",ce8cb50428695e7763873e9565993e8a1f3f3b46433e745714801adc443f449a,True
621,"[true,true]",b56d7d02bfaafcf8ff9fc7bf718a708458e9021c9160cb91fe02f323cab00600,True
622,"[true,true]",8c83c1262c28f7eded71d0ea08ea84965ba3384f29daec3c1456253fefaf837f,True
623,"[true,true]",7648289acdfb0a7602cc2f8839a8c2f4b53f345354b4443ede15b99c4edc7764,True
624,"[true,false]",f247aa95d28e2cc656442db7f72bb96df63fabef8206c7a2ce03e5c5ddbc8782,True
625,"[false,false]",f87954f1dc2f48e83a07c8a24f98f51cf39e5f2012522b21dc2adf9377cc8b4b,True
626,"[true,true]",78446471b0b42770fb4405b736706f079c782ab8da07276be4ee57e8f08b7064,True
627,"[true,true]",2feae3c01d8846d9fd02b84d0e57bead30dc5c674f5a5b5325db3d4962302247,True
628,"[true,true]",d461586276205068598ffd75e75921ed6fd64d3ad87477ab64b59b7b22d7d567,True
629,"[true,true]",16e245fab533992aaf7ac8f05b0386a796e7c9d5c3c2a94b4e3835f58b21b694,True
630,"[true,true]",e410cc11bef29becd17cffc1aad8e54c0fe7b8dd5a07a6379abc1140948ef4f0,True
631,"[true,true]",0f565d9d4c53a0dd5ac43adab0f0a1c4c85c5fd5a83cabac2860b1cf32a7c9a1,True
632,"[false,false]",cf68c2a98eb23bc8d72e2f8cb5751986c93d7d0528c90d1aa3c95ec5bce2693c,True
633,"[true,false]",6e530685dc2a9bd356ca7dc826cd6af88277ae9c4b3456a8229d490e2efd0cc1,True
634,"[true,true]",224ceec28279a97d4cc64dbafa32b13bf8fd6f805456b31ffab8fd4e57c7b05b,True
635,"[true,true]",025dc0a0169f28cbed01ae27f4132363095719d759f83da56929d78db38d4262,True
636,"[true,false]",4904d16cbbff20d37cc632011de6eaa150b1e1fa1208ef316b60b84f7d65ba60,True
637,"[true,false]",639e69d112af2e498a3ec50cb28fe82297fbff1aa834f87ecf927e3dd7609377,True
638,"[true,true]",1a5aa337f01837e209b87a99569117ad40985eb3744d7572ee90aea418855471,True
639,"[true,true]",5817fe7cae35e4c23f0b93fd2ef5447cf1b6724029c04c3996e905f6cde5d487,True
640,"[true,true]",2b548858629262d0d5110a701ce3929e693f199b2f680c3f5d6cb144ca30cfa7,True
641,"[false,false]",3db2c80fb827c4f91cf8f5792e85e94827a8d147c41d35b728bca74d24b99816,True
642,"[true,true]",86afa864784f213abd233052e17d1e21c1b4454460a2c951ac469add8a489b46,True
643,"[true,true]",83c3fd45b2ff923c0664ce12080c5a8f27047c27b8e9cb601a0443284c9cafaf,True
644,"[false,false]",74fa6d755100edfe9b1e2273b8c7f404b6ff69ea0592b3a82d5e78b616d81190,True
645,"[false,false]",ed17abe1bd880c617dc41cbaa63914ca1bd6ab965efe950befdacc551972e994,True
646,"[true,false]",5b8d99d25d9f477ce2ed4e6509d8ab83d1c704202bef30b9e060041c0973a169,True
647,"[true,false]",59b4e2057524f726b1c4cb710c2508d59f64080160a52cd1078531edc9bb8b43,True
648,"[true,false]",e1d36fa2e2f94bd9a505a5e493d94f3e73f58a60679532af4a496c44e1e4e594,True
649,"[true,false]",a6f7a114d728191e202fac92e9952fe0430f9172c5a8b99379bc36100f94c656,True
650,"[true,false]",29023a3334b3e8cd499441cc95d916995291462237c28fb42c928672c3a147c9,True
651,"[true,false]",6f54f2f7fd89a10876d1a1127efef5c4193f5278c069dcb2e307e659a06ebf56,True
652,"[true,false]",840c6f328f8bea878bd131d24bf0a74e7a9ade87940fcc468f47a90ccaa898a7,True
653,"[true,false]",9ece8f63b9071e45947cd70e1dbb78ef7e8b4990a3993ea7979f3ecd50da947d,True
654,"[true,false]",10c314f1bf444f7f64ea6f6e88a39cb6712228760223ea755453e066266f9281,True
655,"[true,false]",7e84dd51ca1d81d64c644f8b78db572991f797cff70acf1b513c6e824d7805f1,True
656,"[true,false]",58d55e1e9f70cbee274c7eb5c06ce0de69068f01e9d83af6b989540304092fdf,True
657,"[true,false]",cf84c0d2418036f769d55bd65f7df12ec9a0b2a7ed94bae03d3fbeaf1da9d9bc,True
658,"[true,false]",c76fa1d7bf8b4d7332ef50202c35d7ae51eccc366d6031c550c30f658b43c900,True
659,"[true,false]",e76b7dc9867fb2d76e60240bd9e5adb06a1e2218a5a1361c95c2708054b6ab7b,True
660,"[true,false]",6e162df4dadc4eab8ce96047fdf96088782093970fbd0effcad9f5439e601b3c,True
661,"[true,false]",fb0590478367ee6098c90b8576d5da2d03cf58082302ef8d8416a23c412dcc1f,True
662,"[true,false]",535822ddd8af7ee5281f3a243c31e5c0015ec29e1607354feaf78a553709d65a,True
663,"[true,false]",70bbd8fc1634426eb0d72ef0a9965821d101c972b65da62dfd96ff93f378994a,True
664,"[true,false]",d5419ece8c3aaab58d13bf1203830cb4e673a1f477faee812a731ffd1458b08a,True
665,"[true,false]",7ce51f1325c232d80a19c8acd67559e1ffcffb8f43f1aae93baf2144aac9c2bd,True
666,"[true,false]",8c913f49f2f53185e3568297d1f350cda1c8d2ca3c8d9a624a2957ab3bf4dc12,True
667,"[true,false]",36b65f178b36211a200dc25db5ffda8175840d34041640e222d729141d499196,True
668,"[true,false]",ab1920b9e5c378a8c69169ddd7755c5d22bb0553dfb9cacf1aa16c6d987a3ae2,True
669,"[true,false]",68c88fc842fe57930f9ed523a286eb310871fb448f8d42f0e4c223207065c7a3,True
670,"[true,false]",458fb43769b17004882d84e1dfd3f90cda0e2d20eb33111ac924e6558832a443,True
671,"[true,false]",26256e8969012110ae48ce9ed1f2de4273ed7ce10fdfe2ea5a4039d1b06e3859,True
672,"[true,false]",05635ab2f521ca96bfad9e56b3247430e2ab69fec642ffb51f577747bd507222,True
673,"[true,false]",8fbe2e35b320f9d08f6c750acd3ac681c532a33ae6b0422cc5c5297d1bffd4eb,True
674,"[true,false]",d9166905da9c3281a8a91f61779f2b53649e97c3b6c799b0b231d134c675369e,True
675,"[true,false]",4d8250493da59382426a30441a29f0672ff1e9f03b31630a9f847fc4586dd859,True
676,"[true,false]",58f07226f162bdf5035f0df01a924b4c54b4d72bfc84639b7c923e40c7c86951,True
677,"[true,false]",8f1ab1a4d60306c61ec28c285237f871767d2150b9d2ba6bf4b22d481ccec4fc,True
678,"[true,false]",eeae563e3029bbcf2d496e363e1ac94c5ff255a3f97ebc438a5fea9672104ed6,True
679,"[true,false]",0f31d50f76a95d9a74fe88670db26e3718af1d2a53334cf60a838149bfa8861d,True
680,"[true,false]",de74547d1dd2ef5554273a78c1cd4c9afeb03fb976039337a147cbf045abefc9,True
681,"[true,false]",5463905ef7b1030f0ae34f991a368300dbdf1bed5a3910be5a74b8a58aa878d4,True
682,"[true,false]",9d6092e327dfe76d47426db449486c2b1c98d429f9eab0dc89a4da4849564c76,True
683,"[true,false]",9060511f9ad33708e0aec5e873e08c272bd68d1f47c34932b752ff063c1fa7a7,True
684,"[true,false]",720c5fdaf47dbdea71a4d2520697bf38c1c2be97506be0d1c1864ee875e70f23,True
685,"[true,false]",7ecb7c2447e059ccd2160bfd701bac5ce137ce0d2256a9592ec34c488402c2cd,True
686,"[true,true]",6ba422ef41f9f6f39aae0870345a96a0fe2edf787d003f588ecdffb14f9aac9c,True
687,"[true,false]",b45ff458d87b06467baae55330d26fc4b7f9363b20a769856e14ae4b717b0d5b,True
688,"[true,false]",874e9c6efef6c6f765c58bb8f20d9b6d7560689ad5a52f4c82f44c567ab06ec4,True
689,"[true,false]",e23f4e03aa94ca9b5abd0a41d5b5505f290802bff693844a735c3b9e18d16566,True
690,"[true,true]",9a516b4a7267d9d2ff4b0beb631a127649641b62eafa39de751f1c868f3923fa,True
691,"[true,true]",b557953ea2c7539444d9e148ed1132e914cfc4756dad7b06d8353f134126a1f9,True
692,"[true,true]",9c599b4f64579e5f23a39ea850222503d065a15652892c7d2bfb4705437c3230,True
693,"[true,false]",019f52c38459f29b7fb9c484f97ee53e7106ccb5ed76867cdcea1a0f95848264,True
694,"[true,false]",9025b4d66ee7d966230b816a2f19137898abf15e6cb9f7f468f3802e185719be,True
695,"[true,false]",4ad0b25c6457ff335053236a4c37211e4e8c4131161b5b2762cc0b4e78192179,True
696,"[true,true]",e6435f9f0e3e2f71a05bad260e98619a8f892463eddb00449fa652e1e8eb7394,True
697,"[true,false]",da5292489ff97b9189edb98ee33c3a5bfbfe9c4b4a65942bb2c9522158f57166,True
698,"[true,true]",44c2484fd405dde8f544202f138701aa858aaaccb33a82791e6b1ea0de6cd86c,True
699,"[true,false]",e1ee74efe716631e14deefda890e916a4276cbe5257c4644746612b7c1c17038,True
700,"[true,false]",9f51d7744a9502c5bb7c9361c3d305586e313bdef3c8e509d692b9e930558a5d,True
701,"[true,false]",3846d229f598be6dbd575618905c62ed05541b8507cc96df9265945c46072d74,True
702,"[true,false]",4dde6b00480448d65f77f21e558eea0ea80efd86e42b1d7517fa5c6a278839c2,True
703,"[true,false]",8c106cb04f9d9cc9d1264f17a46e93a04b13698bac27f85ce32e94a6837fdd38,True
704,"[true,false]",7d0e53729fdd612150162a15455a269dea6ba6d77f5b76447dbde4ab179fe9a3,True
705,"[true,true]",762d9b3f58066de0bf84d2720cbffe151b9c492f714253a3619e8851caabde05,True
706,"[true,false]",c6dff30a1ea46035a000c4f692d1a1e26794adcbeea08725d3f4a49d2d352134,True
707,"[true,false]",88be2eb8941146379064731daa494679d2b1afe4a741f6a5a73c186f65753ebd,True
708,"[true,false]",16c7c52a50c69d9749ea155e2e550ce0a4c660c0e9d48a28a02ec27c3065995f,True
709,"[true,false]",5d5e0761050a671f56b96fe3af9a3530cab48d719a9dc3475ffb9a22e13ed637,True
710,"[false,false]",7e3246ab4c03b579cce28a04fcbec9f7527dda31de88aa1008e857e86d1f4ea5,True
711,"[true,false]",528cb7de96adc9f726fab21e1e899b458243e7a53194bd6f9f46041c8e12bfe9,True
712,"[false,false]",f67a6705692cb141c01cac4e602686aa467565a675f69aca0b7acca8ea02901b,True
713,"[true,false]",c8379363f7f45c2f58612eeb3f88f7539f72061754cef8c388cccfa9c2391a72,True
714,"[true,false]",a49eafff3dd7654ff08998cefa2ad078545a7bca1a8a9caf58099c07a34a9dd8,True
715,"[true,false]",aeb2ceddc4cf435c37d510f917e96bb93ebe1990cd97d544c95623b44f932a00,True
716,"[true,false]",8afe102836e81b80a0dacf7f2bfcaa420f84ae302dc4c09376d1eb49bcd0447b,True
717,"[true,false]",28dd6d7fddf27bb0fec8ba8eeb48bb1c7824e077eec347fb386c19d2978d4c60,True
718,"[true,false]",4e89189ae0c0efe91fd10f650507af179c707b5e814a757ea31865fb8da546a7,True
719,"[true,false]",e0225320eb7a61a68da81cb3fca56129f6e422c6ce5a14f34bc116a6bed61597,True
720,"[true,true]",e1e682b34e50b819b1791f2970bcf84f474b95a8ec0c0824ccc0ca72eb38ddca,True
721,"[false,false]",f9ff7e67a62a6ccb5db37016eff29eae32f8a8fe0f5f7277f6fa35f02abc0e53,True
722,"[true,true]",d355f11f3298a7a41a23fbc11b277276b8ecbeda952dd6e2066d2d9f4a92a6b7,True
723,"[true,true]",936075c8521731a28ad0053faa4d92db8a8aa019fc77bcf6b60d4fc911b72f54,True
724,"[true,true]",fd2dd95cfaac2bac7e67c4eea103e05a639ed17276676adc42db22ccdea93523,True
725,"[true,true]",ebddcfccf8aebe2494e1b425b70c619915cd9de60d69aafa312c02d51bdc3397,True
726,"[true,true]",2b194c4d3017dc6f2e36d78790084b76459b970dd83c06ab4763e305288528b5,True
727,"[true,true]",01a76cf10610548865fbd730310a95bc2468e528f280a5238f219e983e813ab5,True
728,"[true,true]",f0bda979fbe18eded576dac643684db2a5f0e340426fe196e1dda8ab400bfa8c,True
729,"[true,true]",6f57bccb409c5732cadc2fb42ba4901162f39c2cb84f87e999d42220a5691ffe,True
730,"[true,true]",703661e049d0cf3ba6bfba02515b3a684acd093ab35d9d6a32487a648f4bf86f,True
731,"[true,true]",c5d8cf14d09c74f1785512f4da14175afcb2e8c6715882aeccf5bfd8c39b8b25,True
732,"[true,true]",e8e71f3d19787668176e5389fe8938340e3f651b20e9adc72f2bbf599b993d21,True
733,"[true,true]",c1ae686f06498aa37d62eb0a2dd71453acd3bfb779dbaa09fbf3acb43b0d5668,True
734,"[true,true]",dead7539201481db72e41ac28ed31c56f05bb7c3e3aaa6463d4479788af7daab,True
735,"[true,true]",e77c07721aef5ed25382c8948422d64abeb59fc0dac006b6742666563b96456c,True
736,"[true,true]",f2f85dd3bcf6dac4891898c8f8c73a20014c017efcbb9696d6ae7b73a0f790bd,True
737,"[true,true]",616a748c9dc647a1242bc60ff9a28a466d2228cd19f524860654e41b646a09ba,True
738,"[true,true]",399115c2ba2085081da59651ab3ec2c55879ad2b86f68f2de79648906b14974d,True
739,"[true,true]",33abe0dfb9dc226199569d470b3d484a0433a8ec38bbcf71855a7d4c67a6da2e,True
740,"[true,true]",f4c1beecec98fcf871162b199b40f0e0b0fa8d647904c1be308f7eb881bb4b65,True
741,"[true,true]",ba85ea684a864d519a42c323a4b483e0230b9b5bf50e18cd2da7ad49f9b848bf,True
742,"[true,true]",c35c433b95dabf3e9864aaba6a6b1f29b2d7ea4031e6024063858cd1812d74a4,True
743,"[true,true]",660288ae763d462813ca7b778f91d39d33f27ccc5ceb23df28ae615c4b751055,True
744,"[true,true]",c99e9f8592be13facacffc7f278e3bf23044b2fb6f5b1f73814d10c5e0317464,True
745,"[true,false]",4fa5a848bd21a8267c38fb728dc6a69bbfb15bb0f24a48c34cc9d618291bf1d1,True
746,"[true,false]",588ab5029767453a21132ba0a83756d245ee661d08bdac50bf7fa60dee58dd44,True
747,"[true,false]",70a38ac76a0ef5c9ad95ebbfd4683a9a88566a67c47a6b29cf6d3af183a8a09c,True
748,"[true,false]",350d6771b630f4dc54f7b3bcf4582da876001a344c3655ad61756ab3c95075d2,True
749,"[true,false]",ce892f046dd9dccff30f9b107a21949f0f4662158afe7ad86700c1124dbe5fb6,True
750,"[true,true]",ac3c1dd3d42acbb42271f334d58ddac7e934464a4e74a334995f8bae9c4a7b07,True
751,"[true,true]",f4a1e13784cd685d157dd591ed6f318e0cae96913068c00fbfa3745ba8a540d2,True
752,"[true,true]",a66d9f76fd4ab4ed1b039ae2ccfdbf971a1fcec1117861052858094a19d4851a,True
753,"[true,false]",213fdda905b58c25d2a85b1317cf7845d2ca30f156fadd86ea6306062ff89b14,True
754,"[true,false]",b63c3d68a26e70ed9c1fd35b62ea642dc1fd0bd28b512a792602ca45e386ea7e,True
755,"[true,true]",780b6a0fc165db05ca5e78db3ef24a37c62ff1623e97ff6baa1b511406198855,True
756,"[true,true]",83d3f005f809bd83c0cfa72303de4f8dc52ada63480479c3bad431300a86d20b,True
757,"[true,false]",263d374b49b8999dd8c2127fb93e249f2c31f8b5898d4bad67ea59a8eb200800,True
758,"[true,false]",17ca094888dbf20074c8abad4a9b675520a4ff98f022b1cdf2e2ba683c86a899,True
759,"[true,false]",f149fbd0db6b2985a04e97140ca5fb06031ec027d467422951e7b01454eea478,True
760,"[true,false]",ae5654b0cafc1808071178ddbaf3ec1618240fbf63b032a1fb9fca69a1b1b9f0,True
761,"[true,true]",d9069f544231c6e738643da4b3a2779b9b9f461c319101826c7784d45b77990e,True
762,"[true,true]",7686bd1a26c0049a07945784247047e6c6704ff2895ddcf5da76f6e8bbfff335,True
763,"[true,true]",f98c7e51c99916f5bd61cf87a79841f71c4f5afeaa4ec307c076c92addafb239,True
764,"[false,false]",49b3b16aebbb619de65f0dc37204585bf5a9381dab1a52644acf636f2a3bc9fb,True
765,"[true,false]",cc883cf8694fddc40a6fccbbea431c2be57402da5d3e2ed3e116d95a9e542b60,True
766,"[true,true]",00bd2bae10b9823c0cef8f89b1e073898c618809f5f0d2249b072655de97ed85,True
767,"[true,false]",880ec508f1dac5ab93266108924ac5dc5b10b767b9925bea49a851fecab7a423,True
768,"[true,false]",7e61e0778c852da3460f65daaa8ebe797d269b4369cb8e84ddc1d7609c6ad2c1,True
769,"[true,false]",9ecec98ae4d82233280910795d533bb2c92982d520e908e942a6bcc4e6cdb281,True
770,"[true,false]",8fc22c086556aacec8721969b750cc79f347e1ec12384c3396cb8d78afaab7df,True
771,"[true,false]",236d1f8b17ef001b5a2b8c53382ce1ebef9682f5741d9829f2338f6f9dff0892,True
772,"[true,false]",ef91ea4cebc48212fa33e2fa7ee09cfda81619c7c15b6f907c1ed9b019bd1b0a,True
773,"[true,false]",42b6c546dbac7b17b7747f8415d0e6946c4d78553df21f58a0a9b7485d723b82,True
774,"[true,false]",c1a59196f789f917e54542caa2a03dede4d01b193c9812025db1b798d173bd92,True
775,"[true,false]",15473a4064b8e0b9f1481da017ba6b8fffe0f2c28bf1adbe1441f1e23504357b,True
776,"[true,false]",7964f16a75f45e7a39e5e0d2e921e07146b0b92d944b522998e1ae43ad0a70c0,True
777,"[true,false]",e45f754b3e754399f10f7555237127656296e5fe32c284a4de4cbb3d52fd5db3,True
778,"[true,false]",d9a91ce5d53f2708ed492f2dc4a3bec17a83a8e4a7eb9d57c686e2b27030745c,True
779,"[true,false]",a0db2efa42b6a47a2dcf965b7d18d85ba53572ecc774ff4be7ee2ab7b5f578ac,True
780,"[true,false]",8c551939fd52dfce8fcdb1ce673bf1e9e744b11d6d629d16e7802442ccdbf6c4,True
781,"[true,false]",dc4c0b91f005bb1b2daf98f5893e944ec56dea9ac5edb63c48bfd62b5d9d586c,True
782,"[true,false]",05f31117f7a5dbf340ceb025a415f6d7ce1ee93e42f4cd8273b3b68e5ae3bdb3,True
783,"[true,false]",3b4226486f856c78e4861efee2c4e3c5782e4fd4c0a763e08e381bd4e24d65fd,True
784,"[true,false]",f95d8de32ef21fd8c37f8a87c70d7595029647ba76a0ab7ad1b937464ccb8f07,True
785,"[true,false]",6f1df63f051766415f56eb6cb4064c26363db7a9de423652d307947ab30a892e,True
786,"[true,false]",8b83088b9db14533d2fd4e7895ab5883e192d1199d83602c182f95c87b7e0355,True
787,"[false,false]",6f3a1ca01a9ed8d4710d4bd40bc732f2e345a283ef559899cfee7f942941bb6c,True
788,"[true,false]",0486019618f7bcd05ee59fa7988978376c2b145bb44818a9baa864c265b7feb1,True
789,"[true,false]",15917eed5047e3c73367bc0b052e4605836ca67ae3340d8c56fc00f939c86d91,True
790,"[true,false]",94fdca4aa50a57de676076100f470e6f1d071da601b02ae1e27a0573793f1c50,True
791,"[true,false]",885513ca13e10460fce4a6d2ec9451559d2a9808afc28271d137a6039ed9b67f,True
792,"[true,false]",09d7c58611373cbda93aa3332f5b947ca136e1ed460d999e236a8dd587e518e5,True
793,"[false,false]",37afb660f3ee8841733416bd68efffa8a7f49595b58d6e27474e85b0a95c1730,True
794,"[true,true]",b97f34cc25cec1d5d6927797225473bc10ee6458d7911bb0efcd9285d27d848d,True
795,"[true,false]",d6105a994fe7147a855f873c85fc8c2bef6387db58848782a4a30cb9706e3fa0,True
796,"[true,false]",c5e46a784e9a4834635eec9633edd7869e74bd93f4e349c2160f225d2a2fad93,True
797,"[true,false]",51c6a000f758625b6dcec805b8e6a6b19f0ccd2e9de9f5bfc73f403d55b764a7,True
798,"[true,false]",dd796a7d9a6d91c49c76fe63e9a39d612b1494c8b08c21245d437239fa9b6502,True
799,"[true,false]",0200dd0449f4f2f48d8a251d5de28973c0368eb17ffa3f2b50dbd7546d1a6cca,True
800,"[true,false]",84d219da5504775376b2d8475272a409ab856d06b80166bee8a9235a1f424213,True
801,"[true,false]",e1025203f6a2fa17fbcf548e4f541642da8f5061a82e1ac84a3b99d7c6f2de59,True
802,"[true,true]",407a15c58b682e065c8e7ca07c54165b34ff7eb460f6f6d871fccd52c792090f,True
803,"[true,false]",f1f39d144057a1646ab691d2df6313ff8d6abb40e407c56ce01974248423900e,True
804,"[false,false]",d5f0c5357321c74556a0efd73020298b2ede41db10708337e36c392a66206356,True
805,"[true,false]",a9bbd49161a99b283518f0009ba2ef57e13b0e30750a16edbed02492b509cb73,True
806,"[true,false]",6e19bc5e2aa568436f1d62d6196c97198ddbe8db135876ac5877d6cac6a3d46d,True
807,"[true,false]",7f969e6404d692efca253942c77902bfb82669b211f68af8caba07656932cd2a,True
808,"[true,false]",88558bbfddd8e92148c46e319661fd1af71424c0fa353405b8b23dd6d77f826b,True
809,"[false,false]",a5d39d4f525561476f6d4e1211c926d2ea925bd5249288729cebc6010ef43ee7,True
810,"[true,true]",53cbfd9e4873f570e5ac7179cde22fa50f5b1cefd1c7bb4b9952a18469bd0814,True
811,"[true,true]",911139a6e389370405265ca7f8b0ee1092f84f840006c88f6127fff306779493,True
812,"[true,true]",ff2f1f8a3910f3ab855ca92d820820a994605f22c0347f19419a7348dba8c97e,True
813,"[true,false]",152fc6b9883a28b2320dace0f9a47149270cf0991436f611d91d92febade7fe9,True
814,"[true,true]",e4702fcba743fe38e1bceb124787c0ea123667fa3b4be41c79db4232fd1c3435,True
815,"[true,true]",a12c5022e5ceab5a60221fcd7c64ea660f04fc337110374dd0dd8885b07ce2aa,True
816,"[false,false]",2297c2287be2567c3f4b03d76a33c7c80dbfb629b803ebedced38875b95971a1,True
817,"[true,false]",dde4edacbf735a81012c2dac9bb299b00b5465dc04dc16c10ba0fd089c881353,True
818,"[true,true]",a63c11be6baca7020317021f21d63d7564ac92e5a2eed4fe6c2d1ecda254a116,True
819,"[true,true]",7af2976b25eea150049f7a4f45a33130a6aaf0e96ed9fd279b781359c4c69fb3,True
820,"[true,true]",00fee12f46c28d56fbe2a9873b213e8ff9b716b6db8a4ee28db1cb9ab044f47d,True
821,"[true,true]",0d28f990a861c33a1031abc16377d54911dea8c86cb0ce09b4eea3148015995b,True
822,"[true,true]",34c154713c8a9ab4c2ca8fb9eec3ff4ea6f63f800bc3ee75f040ea39f693f35e,True
823,"[true,true]",66e7c978340c11312e6a2b092ef17cee050a7eea518715f25f51becc68231988,True
824,"[true,false]",2f98e3005cd7a0b212a93719eaa34b38851f8a5c1bba6f1c96e2c5b7f190b5bd,True
825,"[true,true]",24526de9436b759acd419742835a25e3f6d4f6dcf481d36474a3a41c1a29ed50,True
826,"[true,false]",559b8ad1113edbba943d6119286b8c0b2b43ecf8e3b558b6a138d36523dd5b7a,True
827,"[true,true]",edd1afa51bf96000aa49144251d54f7ed85d23fd96c1704e36679a5f4eab5029,True
828,"[true,true]",167f58f393201bde914c3f286aa0c9b886d395e43bb47f56b6b13854600d480b,True
829,"[true,false]",0007bd47644a76e03c53d9b122e0e2a67678e811aee02b1d3a943de145f6beb5,True
830,"[true,true]",c019f8917e89f87570af1039a5a54da034dc9f9097ae4257132c6e3951602f94,True
831,"[false,false]",c0789025e084e440914c12bde32bd80d6a6a945a8ad81327e2225cd43b232e4b,True
832,"[true,true]",d352fc69fb61bf2e6b9533aaf5455b413bb368fe752ab95cdef881ced00eb1ef,True
833,"[true,true]",196e9f8ec06384c48dcd64b99b0d09190f867225fc659f529c865039bf3c30fe,True
834,"[true,true]",32593a65d2d4df9728efb11627d08889191190769b066c0b62a321ef074b05ae,True
835,"[true,false]",96685c5542b24cb8271e78394a5152c2a7a6a3b44073f60bd12032644f778b29,True
836,"[true,true]",0d6b29ab51ae09c50484c3a3781dee8cd5da17fa1f69be21b03a81cbdb721b44,True
837,"[true,true]",9c5fbe234e2cbb160a16523718db96989a2e4aa3d1d0c36da2b68c160d4aa746,True
838,"[true,true]",80c8dde6acfa3188e73c0c9067d7b697da2bcde0fa1d013db8a4d9ee86bca981,True
839,"[true,true]",d98d63527a0eb3e13ed0ca235f1ceb625c75b361ee0c31d59a964d2d5126e719,True
840,"[true,false]",9e6a8155339ae11af187fa8f869ef73cd73abec3445540ea196b1d90d520471f,True
841,"[true,false]",849a4e92424ff3676dcdab6505c1207d5c7fc5bf4c269323536589188fd3dc3a,True
842,"[true,true]",221de1e33c464fb44771d4db9e6bbfed4e0c1d64ca4257a6369ce203309dd449,True
843,"[true,true]",298e53eeb92cb400005cdc35952f2b83f8103c379582755f24010a13bf0e3ef1,True
844,"[true,true]",db82e6be3a187583f150a1dac528d9d1fff8444f9d0a4e27543b154ff07ee91b,True
845,"[false,false]",a5523e138e183440e089429dfdc2808888934e65b851e814894d236abe2a0a6c,True
846,"[true,true]",81e791774e1a56f0e4a24191b4d6ce484be8a2ca9819684fbc46325cdced0faf,True
847,"[true,true]",682a9a178508736b8a67897e415cfff32f8e77448bbd68eec4ae2c4d10027671,True
848,"[true,false]",045111243fd51e96db877368ea0a4ffa5a9bc7a745984545f1e4bd548b44141f,True
849,"[true,true]",2f56069eea8c8f725dc5c59144d7867ae5148ea8d89f3bcf9fa3431d0d7072ee,True
850,"[true,false]",6f695e24bdd3b21cff782865d56b1390cce701656d49eaba4f003260f1642057,True
851,"[true,true]",024a224200419334061cd4d629922b4551e4e520ad5d76a10d65c4543733a820,True
852,"[true,true]",2e7c9c0042443bb64f76e01466f816a041525e5613f774826d624565db5afa90,True
853,"[true,false]",625aebad1ec9d8f2347c41a5c9e8525d6d534287b746a127d0c2a1e6e052114a,True
854,"[true,true]",ca4369a7af20bfca9de7efe56607a0da2341f7c032c06b4920909e2a45b4b96e,True
855,"[true,true]",2bcb334379bd09808f23f489f774ff0a82f250c1568980134c6b78c23e521ec2,True
856,"[true,true]",9452ba8eeeb46785e9b65ba27e87d44842f74f7076dc1bc5d7629cfb073023b6,True
857,"[true,true]",c2f3323217d7803ca19a65182674dcaebf2954fcf4e601f587d7c30f03c57411,True
858,"[true,true]",93dfeaa5c3297b21a135bf069858356e0607575d07d07bcf52e59b64de450174,True
859,"[true,false]",707182d872d9f86083b1e4d9cfa904cd173bd3b29fb742950da7f5e8ba17a31e,True
860,"[true,true]",31951b702de77dfb6dfb71dd8d308305e48e7b9c3e95cbe850bfc9fd353fa719,True
861,"[true,true]",a21b9a3528b6bcdc317cec4197c20e489300214c009eef45d6b1071007dba428,True
862,"[true,true]",0e8ce09a7f8c9608a39f4256db6281a246eb6b59502668e4239d912c5b75cdc2,True
863,"[true,true]",25fb9947d3ac5a2b919175cf0d1f8c3421257655b04e4a9dc4c470d03f7033f6,True
864,"[true,false]",824657941bc4063edabdd3cf4d9999f923f87babdb4c3a71a3b9120c9f2ae171,True
865,"[true,false]",0e5579a53ab7e4c02d89b0e2c90ef1dc3ad95a27b996ca5b0e27967626491c3d,True
866,"[false,false]",82560db75a5036bf1f6da3686fad25ad733881dbc3d2d69f594591dae54acf3b,True
867,"[true,true]",71f24839acd640c218a0734f27392df330bfe67fa4802dbe4c77fd701faa71b3,True
868,"[true,true]",ccfc820694e3e9c55dacb445549516c52ed4de5dd8410f110b99767004385a53,True
869,"[false,false]",812ad9dc061afe217a96465b5dd3060428682ee99d48fb1c9c52ae759e8e2cad,True
870,"[true,true]",8e1d972c5d8d0ebcc6fbcbd2d32ac34a08c745444b9301332ed1aa98b86539ac,True
871,"[false,false]",b84118e0eea4d7d2759d2e30679ded1b26b0f7713e0a504b66478e12318a741e,True
872,"[true,false]",dff93046fb031c6a542001eafcb3587cb968d9a63c8a1a8a2435187509764d58,True
873,"[true,true]",2875e3951aaaf80ea70d76c701e6ad3d54382ae981d9279c3342a75b2f81f826,True
874,"[true,false]",fa638a42c542012b909eab005ea94a5bf8a1a3bf8c1836c10295beacd50a87f0,True
875,"[true,true]",baea2301cc570769d8793886546d4c28b74c7f57da467ec7b95f1705fe445a87,True
876,"[true,true]",e3938dcc83fbfe9b6887d447a51ee1bd5d2e3b2cb120db7796378a35d672a141,True
877,"[true,false]",105fb6ba9648ffd4ef086b0b334b9c4b6d6e2a5d87df668bcd04a7365820aa19,True
878,"[true,true]",9aa98b17def3408f831f0d0d0981c4d826afac851df7ba96a40689777d7f35c5,True
879,"[true,true]",df09ad2673d9e7d6dd273f0d83c83cc00638b16abf55d6f9d5edac64e64682ad,True
880,"[true,true]",c0dcc66bbab482907fa172620841692e893961a34e79e845b655b9d8b94a0a62,True
881,"[true,true]",109489546bb37e779d011fd7eca2ba2a5b9b746fb7f9a424c894ddeee86d6d3d,True
882,"[true,true]",ef581246260f64757bc1723eecde289b84429d40e1f05189b8611c7be83cf898,True
883,"[true,false]",1e95299e1a88ccce5f26c6705bbf144362c7171d56c09c51b4de04780aeeac9c,True
884,"[true,true]",cf446b6e613d49057efd23790445ae95ec6d26505197ee035e6865d0be13b8e6,True
885,"[true,true]",a5b1ff6c90f15f5bae7ec49bedcc415ec1cd84c6f52059a57b46b85ccba726f2,True
886,"[true,true]",c71183ae6e1e7a940b096546c1a267af9c0f539e3e775b067a13c7a298971421,True
887,"[true,true]",c81916ced7fca10778059547fb4385117bea32311c8690a33810912c175c2405,True
888,"[true,false]",8f501288cb3da228796925a9f6080d024e4f0c4d0b9aab1f12f642a841fcd939,True
889,"[true,false]",bd8bb32d2e1f03fa877a4f09cf309e3bd49efbc0123b65ae1291c78fea8360df,True
890,"[false,false]",34c7328b93de9afe58da333e6513dfc415d5a280d2e37a77068f148dd0941c3c,True
891,"[true,true]",f3e5e20b20e605e132d02863422c70238d74dfeb5bf9bf24a22f0259473c5c94,True
892,"[true,true]",ec9f3230ef9d5e245a90f792b80b6c20e1e82e46a642d311af7cfdc52003c876,True
893,"[true,true]",0059cdfb2ec9136c441ff470e6aec4688f002859d290f5340d0429935b31394d,True
894,"[true,true]",0992535a50351de7aceec0f1e4f5a1cbba51d5e9cf1f5e6d687293cf2eaaa16a,True
895,"[true,true]",ceae326056c912471995b4970a6384b8d29b567945677f2a7d4e32b4df28f085,True
896,"[true,false]",4a9def6a8c5a1d1022a241a048e5153118957b76957884640f308227f7d4dbd1,True
897,"[true,true]",cce0c133c8cc02a6ac15cd94b23b2529a0f5b83d768f604cef11b3ecda376a55,True
898,"[true,false]",b78d344b38894f8ce73cb14cd01e1656401736b7c8e74d2aaf01cee8271316ca,True
899,"[true,true]",97bcf1fd6d6192d4392d7be1b2bd63b5262c9bf4e52b82863bf2a3a6cd571840,True
900,"[true,true]",69e05c60d71050d95af591e69425205e17cf00f0f0a9aa83d4fb3ee5529516ee,True
901,"[true,false]",ea529fd30abe53684158e9caea35e51d9afcede736298ab4dbadf73f7ecbb7a5,True
902,"[true,true]",bb351c9c703d10b100d4fa15e592b91a501b881aa0652d00d2b68b8f3c68ceba,True
903,"[false,false]",52f2b5f68b2200b2acf28cfb56db4011e29f1acd59539f68743724fe66d1c701,True
904,"[false,false]",82ec88826a86ad7c735e78c6922db792cbcfb7bb56fddb64b9ad8265c41a41f8,True
905,"[false,false]",6196bbfaff2aefea55b298765b150a91f101ed39407f7644e8abe4556c05710c,True
906,"[false,false]",c1ee299f8987875aa34a60d3b07c412cd323735771a84fbec029b5c55d8c3c3d,True
907,"[true,false]",d07499c45c5b92429d072f78c5e157b4d4bcf048ec3f57478f52909b27a34f00,True
908,"[true,true]",1fa4285e6bd0399f2b4859168ad8052fe5283b6a7e503796942031d965ff51e6,True
909,"[true,true]",3ed04e12e38faee19d025fd0b3ce00b570f3cafa62a43b840b7751a9de572451,True
910,"[false,false]",a9c3f28698409b5f5a8a5ff596c2c06ffb89f32406cdca651afd0140b194c946,True
911,"[true,true]",d42ad4188ea587cafec8b424a3db5cdc4d3d4e5261332e08e4b7a031e2929dd3,True
912,"[true,false]",8661e4cc215fd614ef77a5f214974adba66770823456a1c7813ee5dbdf006516,True
913,"[true,false]",399b1e8c41bdd9779273b4a50c26514097602e027022cf1e23021980b2210db4,True
914,"[true,true]",f273ab88e468a61b36c94948e5778bf97d34d4fcaacc80be02a287a51a21f675,True
915,"[true,true]",16bc1a5232128b15c6a9653036dc243647d7195da3a30a7eedce317683f5e89b,True
916,"[true,true]",ea2c9ed4e567bed2afcaaa11258368c8403e02dc5806772c2783792d0e803d33,True
917,"[true,true]",a05157bcd475245145dff53a8a49ccb22cf32d4462d26e5932e233174137fffb,True
918,"[true,true]",66805993b04969d5afbfbc7d588887d8bb47e964cd25526c0e8661fc07f8872d,True
919,"[true,true]",bbd6dcf1e33cda5c17f1fd8933e2303d85131d8c6a39523b6ea89f9e2ae8e399,True
920,"[true,false]",00cb02c3adb91348ded41829b35a42253f7f24e01e4f65b053a48f1469bba9d8,True
921,"[true,true]",4d6813b85305f76312a4477c00f4986d188a8ffbfd42ef98a5a13e00f42fd0f9,True
922,"[true,false]",a94f90acf5b12e1d0c61a1a680cb79852f727e6976c52cf68b85f6db66b53e4c,True
923,"[true,true]",b6cfc705890c0d0cdc513b6d8a9ff6a3ce84fb465fe0fea984c6c400280dd57d,True
924,"[false,false]",0ffa0a83a415b2f1aedd1945f7f184b2760b9f2ac379b20a01b9b76c4b5c5570,True
925,"[true,false]",f0bab280a65012262ceec953d67114f41b9acd03de38d1a91afbafc03152f5be,True
926,"[true,true]",feeb7004ad0e8c2f7a1c3be456827eac0f6b396398059d2ff279ffdf31cfe44b,True
927,"[true,true]",5cfb4dfa8ffe4aadb58f5f713b97e9677e46282cc06469f4c655012151cfca5b,True
928,"[true,true]",26127c0501721443dee7ef082040bde121533e584b1df631de8e6d621996b003,True
929,"[true,true]",c66d3162f56b67dd930728a2ec9aff5bc4bb54f8d9ca297242a38183f2616f59,True
930,"[true,true]",02160532f86a45a911ae995a84d1f4f4b925afc23dfbacdebc079f9b2f68474d,True
931,"[true,false]",d80ff24368fbd550657148f11465ab2d148b2d29b71b7f215fc7079b9648fcf7,True
932,"[true,true]",e4a150b4e9581cb4ce0b3236360d9ddc97aa552d4eae34da9bb1b5795e57c58b,True
933,"[true,true]",003a037585d55231ed8dcb4d4eaa028b7b7cb54b30e530cf3b0db2f7eec94e84,True
934,"[true,true]",04160163b8ed6745cf88057a7c2ced6d160b590fa6a5c0f982bba7ac6353fc21,True
935,"[true,true]",57bcec31790234cb37e949871d5176fa61a8a98139343e6dc656d285e32db5f1,True
936,"[true,false]",9a811894a8943472f346bb24b4290764650fda36b9f86341ee48011fbc1ac9c9,True
937,"[true,false]",1c6c66122d47e9d69edef730c2e1de4c8a9d28a91cf97550e33aca907c433733,True
938,"[true,true]",0b7455d55db2098ea0ae4bf43cf0d33a1290b0c68a56af68347f476af6cbfecc,True
939,"[true,true]",bc49a736333d3f79b8f6f9d7f7a6663d59e280697989d1678b117b4747d37bba,True
940,"[true,true]",fdbfcd3342eb359cf6504882f7a9cf0a0572e0d6e51c411d5de95bebe6cef28c,True
941,"[true,true]",e5ed64812c86a1504af61b09e45e5dce7e6ce6fa5dec1b59af63f206507cbd7e,True
942,"[true,true]",887e4a59128510466249c09032a159beef311426bf0c802c8bbe639b2fd78ae0,True
943,"[true,true]",63b74e7ba422a72cc45b1c92e19ea6084e350041a1b1b8030d72f85124b92257,True
944,"[true,false]",cf72587d590b8bdf72992078cfb9e3ab0aae754b24399da1628ee8d0dd023f4c,True
945,"[true,true]",129455ae56e60e1cf061d699efc739fd1b73795e046344fcad1a4221169b5c99,True
946,"[true,false]",6df89dbe53e49340b7054373e979f141b9c7457aa02be95f06af3272516f60c2,True
947,"[true,true]",e9e963250323b243edb82298684fc3c876757c18e157114c37dc9955ee9559cd,True
948,"[true,true]",a5574c0ea860791ec5381d75424de631f08f5971c88c00f07f131fee58ff91f3,True
949,"[true,false]",125f29b8b2883506e69e8ea849e9fb19c614341b29ef9e6576eccb620cc4774e,True
950,"[true,false]",b485a1b3a7db75bbe2558e50f5ca106ecea93a3bb3e8b770f9d6dea37b74bab1,True
951,"[true,false]",c6fe7e1f67f2c40e2d94ff665e448a6b1eba3633ef6b535fcab51b1e5cbb16a8,True
952,"[true,true]",ed9d07056a63f72476645a88b908a078baf9184c6f5bff08ab410448828ac81d,True
953,"[true,true]",07a7a3c319f49e0e45f1cd6f004a56e06ea9f5bf16b5352fbf952115d184706c,True
954,"[true,true]",8437334dac87d9050691427ae594658a5722f6bc6328b317f9da1ec32848100f,True
955,"[true,false]",f2f9a6390e44ffe5d142dd4e011ae4d2293cd0b6862645810f921a69a3bff8a5,True
956,"[true,true]",853f660afa85485211a1b425d164cdb9469627e4c45d739a466f9b905a80c304,True
957,"[true,false]",d685d73c3f90ab994a94017d1b22f4c63d77b30db9a06f376a39343fcfef67f8,True
958,"[true,true]",b32f5b8d0c35005f3bdea371a16bb295c1cbca4db23026d0bd33fcabb6570364,True
959,"[false,false]",94ed98abf925cb65c9443562aeb339cefa320e372616636bf02a2e18a2c69cde,True
960,"[true,false]",a3f9e09405630c7ab4e5d041b3ec6f1bd608f19e21868afa592e7e16e7494153,True
961,"[true,false]",2d9bc3aaf7f99dfa36d83e48c32d660199e8232015bb9c24204455215cec10c7,True
962,"[true,true]",4fe6b41d0a5ed96def6ff307cb64f66cf7624d725ac95b382a1449bca6f9e4dc,True
963,"[true,true]",9732677261a8b13e1db1741f0cbd45e814670dc38ab74df24a957b0c456365f6,True
964,"[true,true]",c7e7f2a3f468fa6424c017122d5c858f4f2ad13f3e8ba4b45373885bdbc9bdd7,True
965,"[true,true]",9d60111c620e8f5f4b5cc0da44ca1e969226c2c6f01fc5e769e0c749bfbb0094,True
966,"[true,true]",b2529c0b7184ef265908a1e4fb6938408c780198034b510f3c5be68e7a64d780,True
967,"[true,true]",89855d3f93af764582ac3a038935bad94a963840852f0c1aae440e0dccd89646,True
968,"[true,false]",92302d0bbe1c509460b5da8e9cab568e44697cbd9650b560ba306d96cabd3b02,True
969,"[true,true]",8290bbef6affcf2c3f9953a67bd8d1b986f3ff179ff9489fa8a17d77ef47d406,True
970,"[true,false]",d8d92f21d8e1620d35ade9ebccef073632f3995594724cca3de3c09c5eaf41af,True
971,"[true,true]",bbe57bc9b78ec0c05d22e5bcd0eeefb3ffc03dcbcf05c14ab422c6a4e13ce8a5,True
972,"[true,true]",0e5b18ee991e2efa7fc0bdb1f8ae6564ef0e392531bd7128ab3d9d212c3a8796,True
973,"[true,false]",b06683e58fb126361e7e62386e061c21b5c278231be0871bb9da9af3fd450c35,True
974,"[true,true]",639ca641fa388b724604db526ebcad395a1ced2ee3c3a5d951527b6982183c49,True
975,"[true,false]",5209ed8fed6742891f08156bf48013c9ae7179a4699a473adea97b6cf01fdf82,True
976,"[true,false]",908ace8f7c90b1b4d9d9aefe9ae2d8076882be5ddd7a143d2b1f5906860c0c6e,True
977,"[true,true]",bf9c5ac8371f6eb7089c0e615533f716aef5ea3baecb002d2cf2e412500f7074,True
978,"[true,true]",d25010a42cb41a1e787887015aa32b69413bdee5656968c62bd572e96f3e2566,True
979,"[true,false]",296c9375ab5d209b20896689986069da6d5f66eef4b63b875e8efeb9e8fcb327,True
980,"[true,true]",eadf49f9a5ca6113ae8507399f6093ce59ed0c153ea2dcc33ecfc30fd1a05eb4,True
981,"[true,false]",ffce3f47765926cf9a1439e9f48b3bc8f8ebf1aa50d49ee9c65b9cb806beee75,True
982,"[true,true]",c53a32f58f31f9c8d2af28d01e99874fe9c243dd5dfb2b998a3b3b68289adb0a,True
983,"[false,false]",aec20eca84e0388164fc2a6c6b3dd9416c78effeeb1572ec3042009d8daf8f24,True
984,"[true,false]",0004e51f0186d2853b918127e7019a074ceeb440ac69453ff1bb85c2edcadf08,True
985,"[true,false]",30121fb8e7eb3b80409424293ddac964d51a184eb1284bee769af0933dd0b5c4,True
986,"[true,false]",17850d7fe964974569cd98d78e9334de7ecacb5dcbaff7bd0805afa767a7106f,True
987,"[true,false]",f0208aad249b1b9c9607fd72f579a4f4f15051b761a95f4536464ac0f69536ac,True
988,"[false,false]",2cda8402d25f30b536b53cb6c2dc32c7e7b18b57bfe66aaddf621c3df89036ee,True
989,"[true,true]",a626836e0ede11c7534b7a344325ddd6ce234bad3984f384509c0f2f88d7b5d6,True
990,"[true,true]",5343ed87eb6631e0ccdf56df5ca84be9e3193c06d4c5491cb147f9b55b85678e,True
991,"[true,false]",ae6abc38e8cf5b8d18f9f24d3ac07aa7ea7635c1452f000aeb489022fb7148d5,True
992,"[true,false]",2e94f76e0ba635e38f1136ff420184e6e3034257bfbb3d28ea451a3fb028471b,True
993,"[true,false]",f836505345442dceb4188ac11c380a5bb35334a4996e6e19734280db28091a92,True
994,"[true,false]",f93ce03047183d1c5bf02b5f27f36a090b1ceb6c0c855feb0aac1b48ead50714,True
995,"[true,false]",187fd587e692d89a0e0ab07af1965e3a82d239597a478c194e9de552a4866bd7,True
996,"[true,false]",0574aebca92a6d49bce72c8f78814136127fdc685ddebbc00b110461a0624067,True
997,"[true,false]",542c2f8cda4fd0fc7fb3087f600759c40c179acee08fe94d135bb4ace5b207b0,True
998,"[true,true]",6dfd0f43c2ae1aa3d1d385bb8e203020f26a52d907e052f464e437c0149c0e06,True
999,"[true,false]",b2e41edef340542e711ef9a88d3089967c0e2f947894e1315635a44edd678493,True
1000,"[false,false]",47d2b9c325c2dce216ef60295afbc54516c098f08639928ad086d1a94be16198,True
1001,"[true,false]",7c1b14b564f6d4a9852cc74bf64df846872392b6243dc73c5243daa1b2f5824d,True
1002,"[false,false]",48509b8867339cb930d5bd5080b1387e0fe84b081368e881896e6bfef3c9dee3,True
1003,"[true,false]",20a67af0df4691f8d39f20ce48b1ceb14086c85bdd292455660c12b00dff791b,True
1004,"[true,false]",0355ceed6c13ce8265116db6dbfb5372c73e92b0626eab1356ef31b5a0634f7b,True
1005,"[true,true]",eacdd719ee53725ee618babd224bb86df3b5b0c6c82f8e0d2ce5ff4d58e12ac7,True
1006,"[false,false]",d9796085ddcbdb61dd21956e2d73f129a3aaf1f79fd6e5b8d9fa8ca0aa71a783,True
1007,"[true,true]",c635ec299bd64f87044680b2ce5109c730b5655a0b4f3335e97118e42c0e58c8,True
1008,"[true,false]",d3cd04a71bc9ffa8b3990541b996d11bd76dd6863a95e00398e97ae857cf1b86,True
1009,"[true,false]",1e95dac6f752c905f1a804900322b7c8171dc766c123f5124db7a9a63b074384,True
1010,"[true,false]",bce8daae56de1c244ab7e0cd9becaa021cd358ae284551cd4b516542944f82c1,True
1011,"[true,false]",5351472b835e7946e29968dd0daf8498b9587ca3b60b953d9698d3c9c11463f2,True
1012,"[true,false]",629ff4f9ec792e399dae61989752fba0d1fcbb46fb2b843c1cc0dc05e4ab8aa9,True
1013,"[true,false]",9daf4de2635de657998a8059fcfc2b08515f131247447b792bf5c852ede3187a,True
1014,"[true,false]",7e82ddcf6d946ae99219a6b1efcdc4253c9adbac9a65461b88bfec88286662cc,True
1015,"[true,false]",31ef5fdf57670ccb2676dff64947f0f6b8726dfe51de57411af4bb2ddaad3c7a,True
1016,"[true,false]",48aeea648f067cde84e84d7b76e25bbae3d9f2011441fd08aa4c7feec3b47a0a,True
1017,"[true,false]",72c90b7ba56e780a1bc3c9b6fc133dc5dc970ac1a679a5a33de9e1cf5faeb825,True
1018,"[true,false]",338fd8efe110b665471739e43ba32f11073ce43031895250ad4204461498e4ab,True
1019,"[true,false]",d3d236ed9d0ac5ec1eb7c5e08213fd51decf74f1225c83a65333fbd36d4ad75d,True
1020,"[true,false]",5910458b8e576d0bf16ce1f3c1f136accefa4944c2d3e5972c564da809dd2aac,True
1021,"[false,false]",ca254b2eb53fa47dd1c5e2f4342e0cd5dddefe0833b453d773b5141729fe059e,True
1022,"[true,false]",291a9d1c0be3fecd84c526964f4cca2962d812052a8987fd7953fe18e31f8a3e,True
1023,"[true,false]",b4cce1723edcaf2c579e76e23e7a6bf35242eda3c07e4740c04951d272a72323,True
1024,"[true,false]",04dae4c488b951ecf92dbf4335969d5ec562178b89540e2ebb544ecf3c2fdbf0,True
1025,"[true,false]",2b896289c9487ebc9291e2fc463394109f4f6b578357144975803c45e551884c,True
1026,"[true,false]",95d6bbdd42238eae955cfdf6ba72ce952028c71011658d0410aa5a909a340ecd,True
1027,"[false,false]",5abae3270c418ae5c683066feaa66c8099e762eb2f9b30bd9d4fe7888d7d88db,True
1028,"[true,false]",29bd115b7b580aaff5fe73abe4b9f30c04dad36e2b5c2cd833397d7aa49f67e2,True
1029,"[true,false]",1b8c97ec72515555e1bded3d1bda28a69cbdbb37beeb4ab95fe0c84480cda6e0,True
1030,"[true,false]",1d7bfffff7ec679af019007996586300c7ec9a056f0944a1ab627b1e37afc786,True
1031,"[true,false]",d5564efa03dd257f3fcea6c9506ef5f18f6c30e64be23f3b31bf383888d9c357,True
1032,"[true,false]",2a7a3696530672657148b96573f229b6d25dd5874a8da80020009a50ffe23312,True
1033,"[true,false]",1c1c377c29797d96b8d3d08fc688ac6ed2a34d7607a97db75093d3a17c6634b7,True
1034,"[true,false]",9326008c80afd4975b90f271a2f6cbe58951424387c79efd7e5b111c21ba19a0,True
1035,"[true,false]",f96e5c7ac11cfbb6a39b185934b3b711dc83c1133881e974352b7a0b3c34c513,True
1036,"[true,false]",924909700da926abee4af238bed2817181a912fd2243eb42256fda5abfde06cc,True
1037,"[true,false]",451f8abfaca86a2070794b75de3ce623fd85081406942cf766747ea02bacf419,True
1038,"[true,false]",842ae06abc11931a0c55ee6f0521aa3f28873615922767961cf3de3d8b02cf0c,True
1039,"[true,false]",1732afe135531b3dab1fb7147bc68fea392c562be23e0d71b69d2111eb460825,True
1040,"[true,true]",60a0b97e747c72ab52564c202dc66a1de713d98b1ba4079ef832344bd28092bf,True
1041,"[true,false]",34a7461d5bb30da0e1756bd527186c0252c81fe414751f7171bbcf601e7505c3,True
1042,"[true,false]",a24a910f66fb8cf546b5bf3021068e1fb01349c0b6ecb3f53192d4408523ef50,True
1043,"[true,false]",3ebdc6f7becb02d16d65a7f6334ca57251b4b099bb40cdc0ea94e3fd27777441,True
1044,"[true,false]",ff3548ac4678ee2d62a0857180aba143196f0ff716a350e71bcb2b0d6ee13438,True
1045,"[true,false]",7a972889358e31fc23494a571a73f9fa223f7a8093e57e0b7e5eaf850b6ac3fe,True
1046,"[true,false]",18c34458868f8fcca9b3293fe3d87b19a7a65f7349a4973530877a106337a182,True
1047,"[true,false]",4079f917bfeb4f8f7b1d7d70040e37f66e8fe25ca6f46c21f9b7605d215d886d,True
1048,"[true,false]",f1b22faa05685f7255d0b2f7a6608b5eb0559ba508ff2ec48472f8999cd11f9f,True
1049,"[true,false]",4ce1cfeada48a8e56e1940365b13063a1bc619f8b0037e847459d6c1e939d453,True
1050,"[true,false]",716be2553b94a480a190102de8d05dd16249ec0397672e49964b099c3649597f,True
1051,"[true,true]",23f789c13867b3087da0fca18fcd2c4c409310beee5af7bbd423213b541d8994,True
1052,"[true,false]",8064770b2e71d00c2a7e11123d5e572053aeb2d870098b507708e1353092a7cc,True
1053,"[true,false]",58437abc554894818d957cc7ceb99b1e7e7ad1312d11fd25c288c2d05db1a39a,True
1054,"[true,false]",977d706951d2d814bd1a89259e4d461d0ee3e428cde5f1405de999ab1561625f,True
1055,"[true,false]",2817533c6ed4adcbe8b4b647c0fdfbc42324c2015938a44baf21b7757c663a9f,True
1056,"[true,false]",7335c391f602bfcaae840615b0511d3ff411178e60ef4b30e6cf44bba6dff0c7,True
1057,"[true,false]",d5dfaa49b1b6aab43ac2e85c4b6e11bb312c3807b485af0a3d8a1f242bc1852d,True
1058,"[true,false]",94aaa0742cca9aef8d6d491d6067cefb8ffa3669403efd93ba2e9477aedf72d8,True
1059,"[true,false]",461a7186ee933d306f4b0b8c264a8a1fe1e0e59a04d7e4de6e769590e8c08ab7,True
1060,"[true,false]",484090fe535acaa9bb639db1c10c12fd8a61a614a56186ad346904bab403cf1b,True
1061,"[true,false]",c424964e10bc46134b12148214acf10a883a06e9eb19aeeb966007132e9a344d,True
1062,"[true,false]",1c6bb06d7b3e7cec65d227c0af94b426eed004da892e937da2f8fc230f1dbb85,True
1063,"[true,false]",5aafd7e436fc3c0e32efcdc4aa0a248e02abc1b9a76dcbfea30a250c5671c3f6,True
1064,"[true,false]",605cf1e26b828c9bae305adf059f826932857626640fb3c1a0eb9916c043cfdd,True
1065,"[true,false]",239f301efc27d58f7765ad38bcbadbc7bfd8ebfe7b3401853d9cde8153e3d7ab,True
1066,"[true,false]",131fbecf093811834bc7025093a20b594f28a51bceb36083573dcd9bb8850e78,True
1067,"[true,false]",c0a89dff20aa5a41a781e92ca97fae6b2343014793bc9aa26590bc93240ae2c1,True
1068,"[true,false]",4dca62c90ee9375b65a43efb813649adee9747c7b4c836e4898676c845871f7a,True
1069,"[true,false]",2791c7d05fd43d74051ab70153e21e8755d8606ab7c5b3180fdd8aa87df4ec3e,True
1070,"[true,false]",77f5f8e7ddad9d89952fb8810271f507fb865480c6137f78b9446747ccf31a6b,True
1071,"[true,false]",56925293fb8da92ad9e15bcc22108c6284512c25065d4c23a7222ae5081e33b8,True
1072,"[true,false]",bd60b78f09776f7ec0fb208163132f89f2d6b87746923d061e8e8d16e33eafea,True
1073,"[true,false]",f10558f1c2b5019fdbfca5bfd120b0b87e744f86f8be5ceb693fd5ec6dfc0a66,True
1074,"[true,false]",732827551a394318b17a97fbee09f46c6ef940612a8dcabec1b0f19f67c3ec8b,True
1075,"[true,false]",5384947162c5c4f12554d129e82ac324b6b3681c95961c6031ec274ca4ba1941,True
1076,"[true,false]",660a8997a52e4e65beb64a9846644ae6e20de1373da440a99280c60ceccb99c7,True
1077,"[true,false]",8761eb7ba72ff03107e39d0afc55f54cd6466c9cfabf81ba0229ddf129fd1723,True
1078,"[true,false]",b487b6a17a25af639469f0685dde0ee67a6cd5b6612541f5246a56ae90d40a6a,True
1079,"[true,false]",9c52476c821e0c471309c21dd946be18f25eb2d8d8030bc6640bcb4a4897a65f,True
1080,"[true,false]",4fdc5c15fb7f2ce4eecd6417532aa8503b47d9998eb51e4fd9fe276bcb609f09,True
1081,"[true,false]",b1c73d3233080ba98ddbffa59961d28f516fb62bde772715cfc62b0c89c993d8,True
1082,"[true,false]",a51089db966493eadb2116214ab64bd6dd528555dc635eec05f5b947b63bceeb,True
1083,"[true,false]",d4623d954b6ef90ad85f0b5d7ccf6a8bf02a937a9dd41bf066d49618bb263c03,True
1084,"[true,false]",ba363b44722bca714b1925595545a64cf28fd0ba2dcfdabe9f461fc4d8c2e135,True
1085,"[true,false]",4f7ab0a6b2356a8b4ee1cab82c1cb614d9e8f5abf66cd65fa055998130828ba0,True
1086,"[true,false]",f8c801682adf295cff43e6049779f3d2cfaf34503398f9f8df9837c9a18f3ceb,True
1087,"[true,false]",92ace02e86522a58964808e93c59fc5cf9bde00789a6d43439a8e5fe3a7ce2f2,True
1088,"[true,false]",8673bf2a7f6f3b08e23fc18135fc938b93a05ae84cf795b543324872772f6af7,True
1089,"[true,false]",a6bf876eb40dfae154035ca65e713efebbecfd8cd5b7da5fb0c2a5397fadee08,True
1090,"[true,false]",bb99e80f5fdab1cd2cd1f0f732175efcda005ca94f97f5203f242d724ffd32a8,True
1091,"[true,false]",49602fad02ec7c4d4649c61eb60e40100f2c36daacb79c812134ce227ee63e3b,True
1092,"[true,false]",65c4f548d2ed98e6bfdd9eecbb0e1801437a6fc94873465733e13a6530a93f43,True
1093,"[true,false]",8d02e9bd8b1ea6b16976c51125e80d7732aa26ffa8176e250f4611dbe38f27c5,True
1094,"[true,false]",1760107c822abe4ca60b305d23e82671bf8e0680e661289d70d3b5015aa109f4,True
1095,"[true,false]",681dfebd70a2b2c1e8742431a178468365ced9c4290a3906b3a4166502ca8836,True
1096,"[true,false]",9c6673ae814b44b88d63d248929ce62c11755d138af6b5ea2d94ae10a0d49fa1,True
1097,"[true,false]",44ecae74d257d31130168d1205d6bdec4aa66ed62920297905c154197cc0c92e,True
1098,"[true,false]",5b779fc64cd9dbe4d6caf874e14238e6d86a0dc6bb6a60c9c6bb022fcdf09db7,True
1099,"[true,false]",61e0a5c12d806fc33eaf2450e36bbc5e301c31dfb6a80bac896f654d2b96ecf6,True
1100,"[true,false]",efd2db087b0e338a1e32dc53e532467faa1ccab87eeb453466ee5598864cc041,True
1101,"[true,false]",2e65d510f25c2e92b0f8bd9a90a33e3dac8b4710687bfab3c39ccc3d5a0b6343,True
1102,"[true,false]",1c95192e1da2dceb7a5fa8f5f07faadd9d70c8c1fb618e00864d86cacc1b064c,True
1103,"[true,false]",6703666d19397e9ebe2c3cacf5905be7a85b6b8b65f4c2ea22b7288a5c41876c,True
1104,"[true,false]",10e3c4aaac53508330e630563816f48aec4183756fc83651fba554b78b4cc3c4,True
1105,"[true,false]",cd816b885a14156ef1bf0a4e38da66f783732c39a67542c8f63c05659d9be870,True
1106,"[true,false]",63a3325582a5110478650544d985d65b2ac7401b49cbf91f9949f7c645e7f8b5,True
1107,"[true,false]",aac0ae9150f760459bcb94c10423d50282a148a4b44b61ccb2d1424fa62a00f8,True
1108,"[true,false]",55f4e0fe36ee34874adfed6a849f67dba81689182dbd5cc03b03f84edc274754,True
1109,"[true,false]",73fa37ad45d9dfb52e9039319222ab1d208fe974d2d29fd52ae1e31d96fa3a7c,True
1110,"[true,false]",972007b6bd246ef932a3b48f23898ac4729abc32d884ab87387fed2366bb7e74,True
1111,"[true,false]",8ccc12e13d084aa6de311353f90d0209d42ddcb464a86025605d3dd4d5afa236,True
1112,"[true,false]",2e20f19d776a159d0d597803311425a09087b9e93fdde1f7867dfa8f1da47635,True
1113,"[true,false]",74a45840ffbbc5a3f23c7ed182ee39e1e95b14053a4ca41b5b7907aa901a2781,True
1114,"[true,false]",cf56a768938f7bfc94447a8cf15fb37a3bd4e2c027ff3081856d7f0e371f9cb6,True
1115,"[true,false]",5be1965d44b49feaac5165af5b684ed26afe16a78e8d1deea11c4a50db792cea,True
1116,"[true,false]",c1fa6454baa507f9d1cad6872c3398f63973123d0a5c35d74633db545428aeff,True
1117,"[true,false]",184994a50ac01d31be8ef9e32064062cec3992f6083e174970843641c188b1ba,True
1118,"[true,false]",0b7d9da38ad96b4925c81510593628874e9ea3cdee9917bf212bf359eb5e6db8,True
1119,"[true,false]",6d4048fc83fc81b5a8ca786cdaccb5d6151165a229df913c31937370da516fac,True
1120,"[true,false]",841e985083e37a07c35f29c37c63707bd9f8243f3b6e333a3bbd4494ab71eaef,True
1121,"[true,false]",f43ec3a65b2a4c755f7c12fb9ee5a23f23f7098c3d3bbbf0118cd286ab50916f,True
1122,"[false,false]",edb90b5058f745d66085d3710b53924ff7ed49ffde9e60b483da6aead30175df,True
1123,"[true,false]",68cb2506781d674aafbd0047acd9387503a11ed1e338c6e784c81d37928fc4e4,True
1124,"[true,false]",c57874d5bfc6834af5f898f1afa7cbb1ec07d96242b1dc94726b41165bdcd8d3,True
1125,"[true,false]",450ec709b12526db5c8cbca08e041a37f48c62d06504cf7f29e9f597be308a2b,True
1126,"[true,false]",e9d127a7375f82d390cd3ef3a6fa0e0aa649a4cea57c9e4994faf4d502224664,True
1127,"[true,false]",87ee846c5229a65d1ff047fc5ddcb51e408074c688207b1826fe97acb4b0a2b8,True
1128,"[true,false]",15f17bf6d21530332ccf202548d673131390e2e9ba0f81c7c78cebac1ec34906,True
1129,"[true,false]",dfcf931e7f9788e3aa488d1caeb8807554aa36ef85b6345b5757c05bc237e4bb,True
1130,"[true,false]",2b743463ab4117fffec73c23af92780c5c3f0871aa5415150d20766a7e7144b9,True
1131,"[true,true]",acd7026e57484d5116bacd4a73a8f1d7a8adec3695a84867cb1b356b33645c3e,True
1132,"[true,false]",b5588edd326b25e7d8c86a14baca75d2acf0b39eba638daaf33f0ed7885b6687,True
1133,"[true,true]",14c067483129c9e1433624fd599cd13d2b13d351aeee46f08474d47f0079c228,True
1134,"[true,false]",3e4095af8f917189f9b6ce571c126ffad4bbd2114ee7f2e1aec50c4c91b0e067,True
1135,"[true,true]",e4da3ff9229206e9657c3b39f56a4f0bd4ff516318f3b2e26497fb6712a5ed7e,True
1136,"[true,false]",633b8aae35c029e34c1291325164a8f52d83287bd1c4ad32bd72b30b1eb8d3d1,True
1137,"[true,false]",120d835bbdd8bae7800acec0e3934e75d66db2c33af495603ef1846185041ed3,True
1138,"[true,false]",f926db547a9f9b14801ee983ca8c711d7cdc93e658c68278485ed113fff72131,True
1139,"[true,false]",cd70c51904df2b6c7585270e6d8b774e4a84667356acf515260b23a613e27595,True
1140,"[true,false]",ae386fd9d8f55b5ccf3d07c8c684295287d6b2dea9dc4a963f25ae00aca0b8e1,True
1141,"[true,false]",4667be5e73435cd6e5d9304103e5ceffbda0f36faaa612ba034cbf0f067ad979,True
1142,"[true,true]",2bd1a68c5a397142513d1c39d51466a4335889555b3f2e39293151778b641893,True
1143,"[true,false]",860e20504beff221e5ac7b053434df3f412bf071871374efb82bcc02f50d2cd2,True
1144,"[false,false]",1aba61fc53938aeb0142744f2337e0f5cf44d9fc47d86b269ed140db7a4cd979,True
1145,"[true,false]",11c82bcd9aa8a64d5eab64786bd37ea462cafdb4032d63368b02da4f7f4913e4,True
1146,"[true,false]",d699e45c1a40aaec68dbec2b0f832e5edd24e01ca0e5ab61d5707c520bbcb4a5,True
1147,"[true,false]",3bb7952813a85e24813aa74d3b4ca5d03ff1c8575e4f8255057db11611073166,True
1148,"[true,true]",c35c6c87a3c75130f46a72e3cf125957e7d3f25d3f51031eaf759443458a0b28,True
1149,"[true,false]",df65cdfc7e08209c3d9e9163b2f555640d481fd1320a37524e5364209af5b9b1,True
1150,"[true,true]",4fa2c72eda41c65d1fa60c326aa9a50b4c65be909423dbe2f48f4a8a2e577d32,True
1151,"[true,false]",6ae2244e8e1fc44a5c4b40dcb1ca169b871b24d6077d80cba6c8ff2590594c4b,True
1152,"[true,false]",a1242b2375856344aeae65b6fb438392cc98f554f9443b56bebc1a5d32725983,True
1153,"[true,false]",b80fc0f637ec5ae84e1e14b5b17942f8ce2ad857886f514c38200870dc6ea91d,True
1154,"[true,false]",c2bd609e04f645bb21596092822787166eb72df65c195e9e7879f60b46a46cca,True
1155,"[true,false]",0aa9b64bcf99c8969ec707c6cd265b852e5c6e59373c6af581bf17c1689646a7,True
1156,"[true,false]",11ae68436dc498ddd8b87e5b428c9decd019eb50ffac426582d84eab33f92ad3,True
1157,"[true,false]",c69b8b0ad3e011ddd5c48114b4114314281f23b29376403c8e419a319e1ee94d,True
1158,"[true,false]",0b2b139590d45188a84d793e71200009689b785702acd7a6021009521dfa6fd0,True
1159,"[false,false]",10d103a8ba238459f6a9e871ddbdb4a83df47ee66371880298bc4887d8fe6853,True
1160,"[true,false]",a36fc5d7f2e54bed1cd12a38ed57ec63174d0710bbbbc15da7b5090de83dc771,True
1161,"[true,false]",03d5d54eb38f40d3c581aea452c1f2430cd0891cb3313243ce0cd7e9d8da95f8,True
1162,"[true,false]",4b34674fae03d0d92c0358f4c6088ae198f0346b7c55d683dd949c132e28e660,True
1163,"[true,false]",9da59c6d84833106b1395018db2d08e4a51511996f2a34cc82e7ed68a4192922,True
1164,"[true,false]",c267d331a517ce7811a76788c2162ad7fe4cf74046a956f91984c25b3c1eace7,True
1165,"[true,false]",5bfc79cabeb294f1088082b9dc72bd6f16e92015468cdec67414b3dc5187ca78,True
1166,"[true,false]",d16123c504875923f6e50107f0b55ff7d80b97dfad7565925dc2ce3357ea1724,True
1167,"[true,false]",8d9135e52462a55e83f14b1859ea72192fe408a7f904e39b11d972e3be3ba9bc,True
1168,"[true,false]",3062979f42f54ad3b334e21d2845f0137b9ed142ac26ae0223d60c80c963693c,True
1169,"[true,false]",c2fcd3c1f1b20752c3b239a6d870968bfc556b4e158463cf277d26a1ad3aab89,True
1170,"[true,false]",1616f736d340424a4be1f61ca4bba8f776caf5ce1cc7f2e2fe3cd2e0a468d109,True
1171,"[true,false]",be9a2be88a2164ae29d544aff44c3891b7665caabd8ee74551e058f86b5530ea,True
1172,"[true,false]",4b10abbd3aebbdeec42617273bd9c3ca4f65aa9283479fd3b126be57eb513c90,True
1173,"[true,false]",010fa7609d2adc371687eb56300bceb179c78c7ebeec2e871afa76ba5538e35c,True
1174,"[true,false]",d1d6ac3f4dd89938a5cbc01e3398b5bf2957e2ad11ac9beab74c7831872d3f90,True
1175,"[true,false]",59caeae78666ecf41258cd6ff04a0e35006e0da2f58166467bdcea703dd2bf14,True
1176,"[true,false]",79977da20ca35cb5267a7ba7359570d6a723c314f3fcd64c3b196990845034c0,True
1177,"[true,false]",9f648c93895f995a074e787b295c59cc859b56333752e79037cabe431c2cad9d,True
1178,"[true,false]",fc075a248e3e8133de95a8d23f057078df8a6af3bddb203e2d8f8f6545c67128,True
1179,"[true,false]",ce7f62a77e146305d66a6a15b6d24f9f842cd012ffa2b831be8caf8c05bf1a2c,True
1180,"[false,false]",b3e50061ebe92b56c2b60a20dbc64feac0efd01a2e5a13664dbaa1d580e10335,True
1181,"[true,false]",7b3d2f954016f054590deaf955e8aa5843346762f7cb7d965cf586b17f1fc472,True
1182,"[false,false]",4891595c6cccbcd572252bf9bd474820ecb8d92a999e108893e6b9fa552739f5,True
1183,"[true,true]",55973b45bf231a39e8d3a0510bb0dc23901470e9b0dcf469d660a43fcf8d1484,True
1184,"[true,false]",81f3029c69b90b7ee85bc6c39b6b7f564203ba324a41324abfcf1808f94e4a9d,True
1185,"[true,false]",a23654a36269b754591d7aa7e86cb09b97e14bf22aa80450d34db0ae5ce22aba,True
1186,"[true,false]",89670e6f57d67b866d9945f7ed7a133d390ba36290d714ac12aec1f407e56ba4,True
1187,"[true,false]",9507090759c175de142dec44c77169cd8dc8909216ef05bd7a9701a59b7be67f,True
1188,"[true,false]",10b443d49466a9e2879e326dc3cc88d4d66be13849c07cfbcf811530df29296d,True
1189,"[true,false]",8a6429d891eaeab14629c170ad19ea1053b71fdb12dc65be5c15fb87f4360f20,True
1190,"[true,true]",3bc673810047399f6d758621d261440f0d97f3405dcbc5e1342da58634b6ad81,True
1191,"[true,false]",50e6bc6a6da777b4a25d1fccab257b58b6f6eb3c0bfdd09e71ad666e2fc277bc,True
1192,"[true,false]",64ed9f0674ead562d01beadc8b33cfcbc55548a2f3f75b3b695f0e3cbb50136f,True
1193,"[true,false]",e8588825e64cf36085823678459d78697aea67136fc7d3716940ca49d7eac561,True
1194,"[true,true]",1337d3cd5aa48a03fe39928631a2ca3d7f0ddb74f95f4c6e0d32c464374c6c73,True
1195,"[true,false]",e656be2dc04a9a71c6e4fd56821a356705d6c77e773400948f227950f7f41c36,True
1196,"[true,false]",bcad98cc4996b77906b17e2a4f8807d6f3bf37c5e8e591b3a948ab303e2f5785,True
1197,"[true,true]",fce8b19d5d86ad50c05625a1fb18de4b21f91c99267f5f38c375fb087af8d2c2,True
1198,"[true,true]",eaa54fb14e4683af57f35fc28ce90fa0c87eda56db40778bf864d2236447e28b,True
1199,"[true,true]",68181812dc5c9a2a12d8f8e78edf90d71767b47f95d8bb8734262d65b5f9abfe,True
1200,"[true,false]",3bd26f4e6a7561ccdda1498e323c3de21adafdb99f4c1b8dac49a078c53580e1,True
1201,"[true,false]",8a49be49a9f0c4125ff1c39834ef96c534cb3a6976e0939c354d4631d045e5ae,True
1202,"[true,true]",08acc3971f337a97993eb3c2d087cfa7051c6d6151dd242f54f3e73bb228e2eb,True
1203,"[true,true]",0205d8d1cd4e56d6cd6f1b9d33cd2f81316ee55caefd75866c232d347c85a39d,True
1204,"[true,true]",5be8021cd834e9868648c2bd369673c10080e20ae1af34a9a13ab47f208c4c33,True
1205,"[true,true]",464e98428923b683c97cb98c4d5297023a04a50264406a3c080190745493914c,True
1206,"[true,true]",254aaf2d72b31997680a31eafbf490e81e846526bdbf9db2a29c9bfa3ee04a72,True
1207,"[false,false]",c8e8e90c74683004312f7ffe61f11ef358dcbcc950fce3782bd356c81ac2d6cd,True
1208,"[true,false]",6dc2b5b146e5e6cccff1bd9929d5c3b673ce1fb730e410dbaac3301c1e614897,True
1209,"[true,true]",cb65ebd223d02f2c5912dd171e6fd743e3aae2fe4065eaef3ca7e99487b7447d,True
1210,"[true,false]",6d8b325384f6aff2613b457f6731b8f51dd24d225c9d7b070acaa68da9273599,True
1211,"[true,true]",7fcdb9dc0d3d3357b66dd6645f5a8cc1926b438c2d4f8d0cb3f786db58156136,True
1212,"[true,true]",fb54417c524ebddcaa3502064c1005888a0c05d475a43464875944c249ff9c51,True
1213,"[true,false]",a5942ab01292b6e76d7d1bb622b90ebb0f2c5b4d0cc3c62fa2f296bc16702387,True
1214,"[true,true]",e3fc69ae885c08bf2c7c4c6200e5febff4982571756ba08db28f4e58a6b75613,True
1215,"[true,true]",209c1c7c1c1465452da677730fd3d6c451c7ad17975b967c561a9e83a1b83150,True
1216,"[true,true]",f89891d00a8fc48bd91798286e3c4f4f0c406dd95231f8f408273f8fe410fb35,True
1217,"[true,true]",d7a31cb8123c4f8bba175e1524fbbfa9770eba9bd6942476c8de5c93b181d298,True
1218,"[true,true]",63d95ca6f27ae505082eb64bee11a089da913d95944105f06417c5b54bfa5134,True
1219,"[true,false]",ebc35149f8b7b4ad27eef9f89de45f9c59a35cdc1aab4f5fc32b27e0923f6ef0,True
1220,"[true,true]",d242f4896f66bd9c4a99329f9551adfd9c5b5db22d17969fa67bbca6ea1c9fdd,True
1221,"[true,true]",e84196c853a7bd4974c327d86645c1226e3633a2d7608f7c0ff8d39c513c1cb3,True
1222,"[true,true]",c7a9a34fe15f11c924738c8d4f45e828d37f713549fc81ecae93e73e752f63a1,True
1223,"[false,false]",66dd9b25077aa03b06a1c5af29e5401598f0d987d115d85df92170b3ef9e4a95,True
1224,"[true,false]",e95ddf9e7da0f1e77799d8cbb030a7981d1b6eb588cc52ec1064e25e1d909da0,True
1225,"[true,false]",3a17fbb3e45ca5b3f1622ef795b6550106be92e5e02f6c505d61c3e63c2c58d2,True
1226,"[true,true]",cd2215e33114c214b7cf6f4d0d6e1732c1cdec78101d31406177de5b0aaef8f3,True
1227,"[true,true]",e2eb7f3b110c2b1bacc57654ac4e77e670bb685ae88a4de5a0bceeb3a696f67f,True
1228,"[true,true]",0e4434854876122d3a57ee2f5981d90289976559489314823cea67c9ede93bb9,True
1229,"[true,false]",453b6c3514359bb22c9759ff6c5ac417be6fc341ea9e9569cc440a08b6aeb809,True
1230,"[true,true]",52f6cfbfb7620375ef9c60ca3373210eeaa3563a61588d970d06e7030dfb2fb0,True
1231,"[true,false]",4cbc5e401f47e6ae1926019ff0dbe0b58977b18bb3544da64cbd5072c47be381,True
1232,"[true,false]",193c31a696ae3450785d02ee5e18b159dc2576a69ca99f038870496341f7715f,True
1233,"[true,true]",0e09a7618151e9f02192983ed011f8354804fb630be03272e85a0b938b31751e,True
1234,"[true,false]",960441e481f7aa9b2bea40fcb140f84287a3e4022a0c32ab1331bcb53c8af5a0,True
1235,"[true,true]",25025a3cb7b08714413781662fcb044e6129d68f9f0bce1182d25e18f6177423,True
1236,"[true,false]",3c9cffee65b7546f7b20b4456e0ae251fe5659bc0f95cda73830a8cc8c23ed6b,True
1237,"[true,false]",d5707da3644f49cc003f35917e0e3941a1eecd58eaeae6f138e3dc6717c4cbb3,True
1238,"[true,false]",9c7db7e2a80bd8f3d1b0f8b0c9385adc6e024ca127cae08e95aab6a6999ab0b5,True
1239,"[true,true]",a74c08210f2d595135580d8b3e1a2c950d610f86b9c9692cef449ca5a02e0eb3,True
1240,"[true,true]",b89690a50f019b638f705416a501ee6b71c1e603d2897e0c6b30d63c0f3802c4,True
1241,"[true,true]",df51dc8e6bffab0ab9ad99ecf2ad78e443a34ef406e59aedb30ae21c52eef011,True
1242,"[true,false]",425a76ecbe1e6fa67c56cbac130bb9b0c92e45e7f4a3b83a53c34760dc50266a,True
1243,"[true,false]",75b7817912374b55391a7f20d0f58f238a121d37bc99c354ff6d2a0ea0179439,True
1244,"[true,false]",d9ec0f0a38ec56fdd0103b3e842166e6ad6099493c1b2dc212017006c58eb22f,True
1245,"[false,false]",1e2264210ce1244a89801c177380f5bd0cf96b76adc8e67fb422dd9728034986,True
1246,"[true,true]",00d110b4709f0e3a3f517c3a584980f652eb65ffe0d84667225a4c98d9885c82,True
1247,"[true,false]",dae00ae3a740b869ca02711c6fc64e5e4751c65f46e173b51f994aa046f65822,True
1248,"[true,false]",a08c263086b21937fc2e37c766f5baaf01ef0cc785eb2174c95d459230533af5,True
1249,"[true,false]",780144f200956a16215b9c0ee91347243e984ad2f2e3bbc810f5d5796ccf5ec4,True
1250,"[true,false]",1ba636fa2e543d738ab410b6a45f698467a61c3968e32186f1a35e98871f04ab,True
1251,"[true,false]",477aee1853a7fc605ea98975c41b0b97bc62ab408198e20d99139c76ce171077,True
1252,"[true,false]",1ca228bd425fa6de8b0c1c6df1d4c66632c0e6504052758da62b154a28fe9cce,True
1253,"[true,false]",e238ed2822cd664468fa69df86f1896abf07e38529368909eae948653c733eb3,True
1254,"[true,false]",9f6259b5a1fe9e0c2841103664c846787f7e9fd1f7208b1bf394973693009c51,True
1255,"[true,false]",da2461b8deb0be0b49909e5552f6faafde2d010006f2e2036629c16689a38967,True
1256,"[true,false]",cf866fff8738075ec786fb8ce4737a6ecbdcc0b2843e7953dadfd8bb302f3fbc,True
1257,"[true,false]",76193f6a522c1b42927242b3c854f1689bc29f0333ea01eaf5f5bc9ae6a551a1,True
1258,"[true,false]",cfb2739494e74b2b3bcf62f2905cbd6f398ee51fc312dcbc9cd0e2aa0b1e91c1,True
1259,"[true,false]",a18b067a6a7f3a204a066516ab61870b5898093715998b50dd8740bd0234b677,True
1260,"[true,false]",4085c4868c36f0d85ca41fbf8e71fd13737b1e17ebcff58ca3466ed54e3fa2ab,True
1261,"[true,false]",19c5b5502959a411479e28cbef6c59e003ea304e6e6b4362f06238bf9f707955,True
1262,"[true,false]",c46a54f8f3c4308da55c175128dce2a75fef5b59a864d689f0b2ccf075acab01,True
1263,"[true,false]",c85049925e1e0efdcd482e6be383f12a72c9e922f3974e48d7aad6d7c05692b7,True
1264,"[true,false]",2d37b0f02021f86ad88df2f48bcadf02d710da370c971dcf706a85fd3444307e,True
1265,"[true,false]",db305ce6abb88436ac32fd3a1bd37bfab39f9b83884525ffb66feab3744740b2,True
1266,"[true,false]",cd6e3156d1884b82fc593a17a868a61559036b6951d584b041c148b42fecf16b,True
1267,"[true,false]",516c9e0d8876f471666e523f27a1424d99beac770aee6435b5395bd28641e701,True
1268,"[true,false]",6fad2a2d5bdd0d0f4b094db98b5f018b409490de73c5a710f1f809bc6d8c6f4b,True
1269,"[true,false]",e5386586ccd05863abcea896cfb2086eda7062e4b9421471b7c1554f90792498,True
1270,"[true,false]",5cd40cd9ad3dfd9c6e6aaa708c4383ddf36782da25270352c3408196fcfa98f0,True
1271,"[true,false]",dfd8cec6317ef5ef29948475fcfcc3365528c010c1542c614a10211738e6756c,True
1272,"[true,false]",a255ce3c59ad59981b9cd54fe9f34b26f9fcceefea1e2948712324ef3b2eb12a,True
1273,"[true,false]",c22f782241a0c1289b2d775698ce3526a369ecc38058d398c70d92fe5fe03d3b,True
1274,"[true,false]",643bf57df4f03f0e293f13bb278a999a1b647760af6aeffb8c2d640bc0e22e74,True
1275,"[true,false]",696bcf0cca424be38e9818a37a68f5a4fbcc80f28561ce68a32e8919dc556125,True
1276,"[true,false]",6c5dc0fcad2df2f9b95043bff676c5ec4127ad2393c624bc84d62c78fbf3467f,True
1277,"[true,false]",72d7c9902af9cfdc73e22fab4e4733133d15ee88ea9db4106f6e739505adec11,True
1278,"[true,false]",4c2be8b2bba079428525ecbfdecdbae0402bd259800b10aa6c0050a3bc43c881,True
1279,"[true,false]",3b69420b2ee1cb8df4b9cdff2b03f7cefd59dfc8a74410bd6bbbcb6ede33c119,True
1280,"[true,false]",08c4a32722a674effeda770fc5630dc64f62e929ce66a668f3705377febf5856,True
1281,"[true,false]",126a273ad1ac485cdc7f7ee72152bdb87e10487fa4bbb6f4d5a5664f2cdc0368,True
1282,"[true,false]",96de1cbada4747bc023ac43e06457478a2934723130dd0265c0326f10ec1b939,True
1283,"[true,false]",4cbbbace512e22b95e023b1e86ecb4e4e52e31a6631cf98ff65ed9776d7bdba1,True
1284,"[true,false]",48ec7076fe075a13dfc5a51469c93bcb774e3e61d7f02f9809e0a0dda6a6f136,True
1285,"[true,false]",d1461a34ae5ba7101035b6f68e579ff89e5b3633e83ace10a982de339922bd72,True
1286,"[true,false]",21fe006485c765783be29993986814c8410f9da5f04f89ee8351dfd1114ce12d,True
1287,"[true,false]",75c152114a3196cb568c51b7e50fb2ffda1891a790ae0c2903d9c885d502bba4,True
1288,"[true,false]",678d5c30445c20a10a9d4fe55925474e43e1c6bf5c7f57f5082b62250ae2e380,True
1289,"[false,false]",1e726efb9519002e3fc057c426c13f450b8a871bf7c95913ce06886015c2195a,True
1290,"[true,false]",9f51fc4be432dbd8c2fc79e4c1afbbb93e45741c57b0cacc8e3abc61269407fc,True
1291,"[true,false]",355c8e124847b7f1810f110ca6a14dfef55b8a5be582b0963e63d608e7eeaad0,True
1292,"[true,false]",ffccaa891238533a0baad335b7a4a40b21fe927fe8771fe46c73ce5e9ca6abb2,True
1293,"[true,false]",6705a6090347ebfcbc04be23bed783f48f6a3fd70164e7fe7e1d8e2d66f42c88,True
1294,"[true,false]",1b434f6b953874137b008758b0bbe8474b01e733f3da0a5180570b9705903505,True
1295,"[true,false]",80dffdf88e9a111f42055126ca0ef4d43f0235b57d997a5def5309453a7c5c4f,True
1296,"[true,false]",d5803e952ce738404bad19173e97af7d2bba130a0dc843cd6f963f539d1c5da3,True
